Vehicle_Class,Vehicle_Category,Month,month_sin,month_cos,State_EV_Group,Days_Since_Start,Log_EV_Sales_Quantity
0,4,-1.561734799,0.696604762,1.20443877,1,1.696246719,0
1,4,-1.561734799,0.696604762,1.20443877,1,1.696246719,0
2,4,-1.561734799,0.696604762,1.20443877,1,1.696246719,0
9,3,-1.561734799,0.696604762,1.20443877,1,1.696246719,2.397895273
12,4,-1.561734799,0.696604762,1.20443877,1,1.696246719,0
13,4,-1.561734799,0.696604762,1.20443877,1,1.696246719,0
24,4,-1.561734799,0.696604762,1.20443877,1,1.696246719,0
25,4,-1.561734799,0.696604762,1.20443877,1,1.696246719,0
26,4,-1.561734799,0.696604762,1.20443877,1,1.696246719,0
33,4,-1.561734799,0.696604762,1.20443877,1,1.696246719,0
31,0,-1.561734799,0.696604762,1.20443877,1,1.696246719,6.725033642
32,0,-1.561734799,0.696604762,1.20443877,1,1.696246719,0
38,0,-1.561734799,0.696604762,1.20443877,1,1.696246719,0
39,2,-1.561734799,0.696604762,1.20443877,1,1.696246719,0
40,2,-1.561734799,0.696604762,1.20443877,1,1.696246719,4.465908119
42,4,-1.561734799,0.696604762,1.20443877,1,1.696246719,0
43,0,-1.561734799,0.696604762,1.20443877,1,1.696246719,0
45,0,-1.561734799,0.696604762,1.20443877,1,1.696246719,0
50,4,-1.561734799,0.696604762,1.20443877,1,1.696246719,0
58,1,-1.561734799,0.696604762,1.20443877,1,1.696246719,0
59,1,-1.561734799,0.696604762,1.20443877,1,1.696246719,0
60,1,-1.561734799,0.696604762,1.20443877,1,1.696246719,0
66,4,-1.561734799,0.696604762,1.20443877,1,1.696246719,0
1,4,-1.561734799,0.696604762,1.20443877,1,1.696246719,0
9,3,-1.561734799,0.696604762,1.20443877,1,1.696246719,0
13,4,-1.561734799,0.696604762,1.20443877,1,1.696246719,0
15,4,-1.561734799,0.696604762,1.20443877,1,1.696246719,0
19,4,-1.561734799,0.696604762,1.20443877,1,1.696246719,0
22,4,-1.561734799,0.696604762,1.20443877,1,1.696246719,0
26,4,-1.561734799,0.696604762,1.20443877,1,1.696246719,0
33,4,-1.561734799,0.696604762,1.20443877,1,1.696246719,0
31,0,-1.561734799,0.696604762,1.20443877,1,1.696246719,3.295836866
32,0,-1.561734799,0.696604762,1.20443877,1,1.696246719,0
39,2,-1.561734799,0.696604762,1.20443877,1,1.696246719,0
40,2,-1.561734799,0.696604762,1.20443877,1,1.696246719,0.693147181
59,1,-1.561734799,0.696604762,1.20443877,1,1.696246719,0.693147181
60,1,-1.561734799,0.696604762,1.20443877,1,1.696246719,0
1,4,-1.561734799,0.696604762,1.20443877,1,1.696246719,0
2,4,-1.561734799,0.696604762,1.20443877,1,1.696246719,0
13,4,-1.561734799,0.696604762,1.20443877,1,1.696246719,0
19,4,-1.561734799,0.696604762,1.20443877,1,1.696246719,0
18,1,-1.561734799,0.696604762,1.20443877,1,1.696246719,2.397895273
26,4,-1.561734799,0.696604762,1.20443877,1,1.696246719,0
31,0,-1.561734799,0.696604762,1.20443877,1,1.696246719,2.079441542
38,0,-1.561734799,0.696604762,1.20443877,1,1.696246719,0
40,2,-1.561734799,0.696604762,1.20443877,1,1.696246719,2.079441542
47,3,-1.561734799,0.696604762,1.20443877,1,1.696246719,0
59,1,-1.561734799,0.696604762,1.20443877,1,1.696246719,1.791759469
0,4,-1.561734799,0.696604762,1.20443877,1,1.696246719,0
1,4,-1.561734799,0.696604762,1.20443877,1,1.696246719,0
2,4,-1.561734799,0.696604762,1.20443877,1,1.696246719,0
5,4,-1.561734799,0.696604762,1.20443877,1,1.696246719,0
9,3,-1.561734799,0.696604762,1.20443877,1,1.696246719,0.693147181
10,4,-1.561734799,0.696604762,1.20443877,1,1.696246719,0
11,4,-1.561734799,0.696604762,1.20443877,1,1.696246719,0
12,4,-1.561734799,0.696604762,1.20443877,1,1.696246719,0
13,4,-1.561734799,0.696604762,1.20443877,1,1.696246719,0
15,4,-1.561734799,0.696604762,1.20443877,1,1.696246719,0
16,4,-1.561734799,0.696604762,1.20443877,1,1.696246719,0
19,4,-1.561734799,0.696604762,1.20443877,1,1.696246719,0
20,3,-1.561734799,0.696604762,1.20443877,1,1.696246719,0
18,1,-1.561734799,0.696604762,1.20443877,1,1.696246719,7.763871288
17,1,-1.561734799,0.696604762,1.20443877,1,1.696246719,5.135798437
22,4,-1.561734799,0.696604762,1.20443877,1,1.696246719,0
23,4,-1.561734799,0.696604762,1.20443877,1,1.696246719,0
26,4,-1.561734799,0.696604762,1.20443877,1,1.696246719,3.433987204
27,4,-1.561734799,0.696604762,1.20443877,1,1.696246719,0
33,4,-1.561734799,0.696604762,1.20443877,1,1.696246719,0
31,0,-1.561734799,0.696604762,1.20443877,1,1.696246719,8.209580483
34,4,-1.561734799,0.696604762,1.20443877,1,1.696246719,0
36,4,-1.561734799,0.696604762,1.20443877,1,1.696246719,0
38,0,-1.561734799,0.696604762,1.20443877,1,1.696246719,2.302585093
39,2,-1.561734799,0.696604762,1.20443877,1,1.696246719,1.791759469
40,2,-1.561734799,0.696604762,1.20443877,1,1.696246719,5.123963979
47,3,-1.561734799,0.696604762,1.20443877,1,1.696246719,0
50,4,-1.561734799,0.696604762,1.20443877,1,1.696246719,2.302585093
58,1,-1.561734799,0.696604762,1.20443877,1,1.696246719,3.713572067
59,1,-1.561734799,0.696604762,1.20443877,1,1.696246719,5.710427017
60,1,-1.561734799,0.696604762,1.20443877,1,1.696246719,2.079441542
63,4,-1.561734799,0.696604762,1.20443877,1,1.696246719,0
64,4,-1.561734799,0.696604762,1.20443877,1,1.696246719,0
65,4,-1.561734799,0.696604762,1.20443877,1,1.696246719,0
66,4,-1.561734799,0.696604762,1.20443877,1,1.696246719,0
71,4,-1.561734799,0.696604762,1.20443877,1,1.696246719,0
2,4,-1.561734799,0.696604762,1.20443877,1,1.696246719,0
9,3,-1.561734799,0.696604762,1.20443877,1,1.696246719,0
13,4,-1.561734799,0.696604762,1.20443877,1,1.696246719,0
16,4,-1.561734799,0.696604762,1.20443877,1,1.696246719,0
19,4,-1.561734799,0.696604762,1.20443877,1,1.696246719,0
26,4,-1.561734799,0.696604762,1.20443877,1,1.696246719,0
30,2,-1.561734799,0.696604762,1.20443877,1,1.696246719,0
31,0,-1.561734799,0.696604762,1.20443877,1,1.696246719,3.36729583
39,2,-1.561734799,0.696604762,1.20443877,1,1.696246719,0
40,2,-1.561734799,0.696604762,1.20443877,1,1.696246719,0.693147181
43,0,-1.561734799,0.696604762,1.20443877,1,1.696246719,0
45,0,-1.561734799,0.696604762,1.20443877,1,1.696246719,0
58,1,-1.561734799,0.696604762,1.20443877,1,1.696246719,0
59,1,-1.561734799,0.696604762,1.20443877,1,1.696246719,0
1,4,-1.561734799,0.696604762,1.20443877,1,1.696246719,0
9,3,-1.561734799,0.696604762,1.20443877,1,1.696246719,0
13,4,-1.561734799,0.696604762,1.20443877,1,1.696246719,0
16,4,-1.561734799,0.696604762,1.20443877,1,1.696246719,0
26,4,-1.561734799,0.696604762,1.20443877,1,1.696246719,0
33,4,-1.561734799,0.696604762,1.20443877,1,1.696246719,0
31,0,-1.561734799,0.696604762,1.20443877,1,1.696246719,0
39,2,-1.561734799,0.696604762,1.20443877,1,1.696246719,0
40,2,-1.561734799,0.696604762,1.20443877,1,1.696246719,0
43,0,-1.561734799,0.696604762,1.20443877,1,1.696246719,0
58,1,-1.561734799,0.696604762,1.20443877,1,1.696246719,0
59,1,-1.561734799,0.696604762,1.20443877,1,1.696246719,0
66,4,-1.561734799,0.696604762,1.20443877,1,1.696246719,0
0,4,-1.561734799,0.696604762,1.20443877,1,1.696246719,0
1,4,-1.561734799,0.696604762,1.20443877,1,1.696246719,0
2,4,-1.561734799,0.696604762,1.20443877,1,1.696246719,0
4,4,-1.561734799,0.696604762,1.20443877,1,1.696246719,0
5,4,-1.561734799,0.696604762,1.20443877,1,1.696246719,0
9,3,-1.561734799,0.696604762,1.20443877,1,1.696246719,0
13,4,-1.561734799,0.696604762,1.20443877,1,1.696246719,0
15,4,-1.561734799,0.696604762,1.20443877,1,1.696246719,0
16,4,-1.561734799,0.696604762,1.20443877,1,1.696246719,0
19,4,-1.561734799,0.696604762,1.20443877,1,1.696246719,0
20,3,-1.561734799,0.696604762,1.20443877,1,1.696246719,0
18,1,-1.561734799,0.696604762,1.20443877,1,1.696246719,5.288267031
17,1,-1.561734799,0.696604762,1.20443877,1,1.696246719,4.110873864
22,4,-1.561734799,0.696604762,1.20443877,1,1.696246719,0
25,4,-1.561734799,0.696604762,1.20443877,1,1.696246719,0
26,4,-1.561734799,0.696604762,1.20443877,1,1.696246719,2.772588722
27,4,-1.561734799,0.696604762,1.20443877,1,1.696246719,0
28,4,-1.561734799,0.696604762,1.20443877,1,1.696246719,0
33,4,-1.561734799,0.696604762,1.20443877,1,1.696246719,0
31,0,-1.561734799,0.696604762,1.20443877,1,1.696246719,8.220133957
32,0,-1.561734799,0.696604762,1.20443877,1,1.696246719,0
35,4,-1.561734799,0.696604762,1.20443877,1,1.696246719,0
38,0,-1.561734799,0.696604762,1.20443877,1,1.696246719,4.025351691
39,2,-1.561734799,0.696604762,1.20443877,1,1.696246719,1.609437912
40,2,-1.561734799,0.696604762,1.20443877,1,1.696246719,4.990432587
43,0,-1.561734799,0.696604762,1.20443877,1,1.696246719,0
45,0,-1.561734799,0.696604762,1.20443877,1,1.696246719,4.744932128
46,3,-1.561734799,0.696604762,1.20443877,1,1.696246719,0
47,3,-1.561734799,0.696604762,1.20443877,1,1.696246719,0
50,4,-1.561734799,0.696604762,1.20443877,1,1.696246719,0
54,4,-1.561734799,0.696604762,1.20443877,1,1.696246719,0
58,1,-1.561734799,0.696604762,1.20443877,1,1.696246719,4.317488114
59,1,-1.561734799,0.696604762,1.20443877,1,1.696246719,4.189654742
63,4,-1.561734799,0.696604762,1.20443877,1,1.696246719,0
64,4,-1.561734799,0.696604762,1.20443877,1,1.696246719,0
66,4,-1.561734799,0.696604762,1.20443877,1,1.696246719,0
70,4,-1.561734799,0.696604762,1.20443877,1,1.696246719,0
0,4,-1.561734799,0.696604762,1.20443877,2,1.696246719,0
1,4,-1.561734799,0.696604762,1.20443877,2,1.696246719,0
2,4,-1.561734799,0.696604762,1.20443877,2,1.696246719,0
5,4,-1.561734799,0.696604762,1.20443877,2,1.696246719,0
9,3,-1.561734799,0.696604762,1.20443877,2,1.696246719,0.693147181
13,4,-1.561734799,0.696604762,1.20443877,2,1.696246719,0
15,4,-1.561734799,0.696604762,1.20443877,2,1.696246719,0
16,4,-1.561734799,0.696604762,1.20443877,2,1.696246719,0
19,4,-1.561734799,0.696604762,1.20443877,2,1.696246719,0
18,1,-1.561734799,0.696604762,1.20443877,2,1.696246719,7.161622003
17,1,-1.561734799,0.696604762,1.20443877,2,1.696246719,4.804021045
24,4,-1.561734799,0.696604762,1.20443877,2,1.696246719,0
26,4,-1.561734799,0.696604762,1.20443877,2,1.696246719,2.302585093
27,4,-1.561734799,0.696604762,1.20443877,2,1.696246719,0
33,4,-1.561734799,0.696604762,1.20443877,2,1.696246719,0
31,0,-1.561734799,0.696604762,1.20443877,2,1.696246719,6.678342115
32,0,-1.561734799,0.696604762,1.20443877,2,1.696246719,0
35,4,-1.561734799,0.696604762,1.20443877,2,1.696246719,0
36,4,-1.561734799,0.696604762,1.20443877,2,1.696246719,0
38,0,-1.561734799,0.696604762,1.20443877,2,1.696246719,0.693147181
39,2,-1.561734799,0.696604762,1.20443877,2,1.696246719,0.693147181
40,2,-1.561734799,0.696604762,1.20443877,2,1.696246719,4.65396035
43,0,-1.561734799,0.696604762,1.20443877,2,1.696246719,0
45,0,-1.561734799,0.696604762,1.20443877,2,1.696246719,3.295836866
58,1,-1.561734799,0.696604762,1.20443877,2,1.696246719,2.944438979
59,1,-1.561734799,0.696604762,1.20443877,2,1.696246719,4.634728988
1,4,-1.561734799,0.696604762,1.20443877,1,1.696246719,0
9,3,-1.561734799,0.696604762,1.20443877,1,1.696246719,0
13,4,-1.561734799,0.696604762,1.20443877,1,1.696246719,0
19,4,-1.561734799,0.696604762,1.20443877,1,1.696246719,0
20,3,-1.561734799,0.696604762,1.20443877,1,1.696246719,0
18,1,-1.561734799,0.696604762,1.20443877,1,1.696246719,0.693147181
26,4,-1.561734799,0.696604762,1.20443877,1,1.696246719,0
33,4,-1.561734799,0.696604762,1.20443877,1,1.696246719,0
31,0,-1.561734799,0.696604762,1.20443877,1,1.696246719,5.736572297
38,0,-1.561734799,0.696604762,1.20443877,1,1.696246719,0.693147181
39,2,-1.561734799,0.696604762,1.20443877,1,1.696246719,0
40,2,-1.561734799,0.696604762,1.20443877,1,1.696246719,2.397895273
45,0,-1.561734799,0.696604762,1.20443877,1,1.696246719,0
46,3,-1.561734799,0.696604762,1.20443877,1,1.696246719,0
58,1,-1.561734799,0.696604762,1.20443877,1,1.696246719,1.098612289
59,1,-1.561734799,0.696604762,1.20443877,1,1.696246719,2.079441542
60,1,-1.561734799,0.696604762,1.20443877,1,1.696246719,0.693147181
0,4,-1.561734799,0.696604762,1.20443877,2,1.696246719,1.386294361
1,4,-1.561734799,0.696604762,1.20443877,2,1.696246719,0
2,4,-1.561734799,0.696604762,1.20443877,2,1.696246719,0
3,4,-1.561734799,0.696604762,1.20443877,2,1.696246719,0
5,4,-1.561734799,0.696604762,1.20443877,2,1.696246719,0
9,3,-1.561734799,0.696604762,1.20443877,2,1.696246719,0.693147181
12,4,-1.561734799,0.696604762,1.20443877,2,1.696246719,0
13,4,-1.561734799,0.696604762,1.20443877,2,1.696246719,0
15,4,-1.561734799,0.696604762,1.20443877,2,1.696246719,0
16,4,-1.561734799,0.696604762,1.20443877,2,1.696246719,0
19,4,-1.561734799,0.696604762,1.20443877,2,1.696246719,0
20,3,-1.561734799,0.696604762,1.20443877,2,1.696246719,0
18,1,-1.561734799,0.696604762,1.20443877,2,1.696246719,7.51479976
17,1,-1.561734799,0.696604762,1.20443877,2,1.696246719,6.042632834
25,4,-1.561734799,0.696604762,1.20443877,2,1.696246719,0
26,4,-1.561734799,0.696604762,1.20443877,2,1.696246719,2.890371758
27,4,-1.561734799,0.696604762,1.20443877,2,1.696246719,0
33,4,-1.561734799,0.696604762,1.20443877,2,1.696246719,0
31,0,-1.561734799,0.696604762,1.20443877,2,1.696246719,8.389587067
32,0,-1.561734799,0.696604762,1.20443877,2,1.696246719,0
38,0,-1.561734799,0.696604762,1.20443877,2,1.696246719,3.135494216
39,2,-1.561734799,0.696604762,1.20443877,2,1.696246719,2.197224577
40,2,-1.561734799,0.696604762,1.20443877,2,1.696246719,6.196444128
43,0,-1.561734799,0.696604762,1.20443877,2,1.696246719,0
45,0,-1.561734799,0.696604762,1.20443877,2,1.696246719,2.397895273
46,3,-1.561734799,0.696604762,1.20443877,2,1.696246719,0
47,3,-1.561734799,0.696604762,1.20443877,2,1.696246719,0
50,4,-1.561734799,0.696604762,1.20443877,2,1.696246719,0
54,4,-1.561734799,0.696604762,1.20443877,2,1.696246719,0
58,1,-1.561734799,0.696604762,1.20443877,2,1.696246719,4.672828834
59,1,-1.561734799,0.696604762,1.20443877,2,1.696246719,4.828313737
64,4,-1.561734799,0.696604762,1.20443877,2,1.696246719,0
71,4,-1.561734799,0.696604762,1.20443877,2,1.696246719,0
2,4,-1.561734799,0.696604762,1.20443877,1,1.696246719,0
9,3,-1.561734799,0.696604762,1.20443877,1,1.696246719,0
13,4,-1.561734799,0.696604762,1.20443877,1,1.696246719,0
26,4,-1.561734799,0.696604762,1.20443877,1,1.696246719,0
30,2,-1.561734799,0.696604762,1.20443877,1,1.696246719,0
33,4,-1.561734799,0.696604762,1.20443877,1,1.696246719,0
31,0,-1.561734799,0.696604762,1.20443877,1,1.696246719,0
39,2,-1.561734799,0.696604762,1.20443877,1,1.696246719,0
40,2,-1.561734799,0.696604762,1.20443877,1,1.696246719,0
45,0,-1.561734799,0.696604762,1.20443877,1,1.696246719,0
46,3,-1.561734799,0.696604762,1.20443877,1,1.696246719,0
0,4,-1.561734799,0.696604762,1.20443877,0,1.696246719,0.693147181
1,4,-1.561734799,0.696604762,1.20443877,0,1.696246719,0
2,4,-1.561734799,0.696604762,1.20443877,0,1.696246719,0
3,4,-1.561734799,0.696604762,1.20443877,0,1.696246719,0
9,3,-1.561734799,0.696604762,1.20443877,0,1.696246719,4.094344562
11,4,-1.561734799,0.696604762,1.20443877,0,1.696246719,0
12,4,-1.561734799,0.696604762,1.20443877,0,1.696246719,0
13,4,-1.561734799,0.696604762,1.20443877,0,1.696246719,0
14,4,-1.561734799,0.696604762,1.20443877,0,1.696246719,0
15,4,-1.561734799,0.696604762,1.20443877,0,1.696246719,0
16,4,-1.561734799,0.696604762,1.20443877,0,1.696246719,0
19,4,-1.561734799,0.696604762,1.20443877,0,1.696246719,0
20,3,-1.561734799,0.696604762,1.20443877,0,1.696246719,0
18,1,-1.561734799,0.696604762,1.20443877,0,1.696246719,1.945910149
17,1,-1.561734799,0.696604762,1.20443877,0,1.696246719,3.931825633
22,4,-1.561734799,0.696604762,1.20443877,0,1.696246719,0
23,4,-1.561734799,0.696604762,1.20443877,0,1.696246719,0
24,4,-1.561734799,0.696604762,1.20443877,0,1.696246719,0
25,4,-1.561734799,0.696604762,1.20443877,0,1.696246719,0
26,4,-1.561734799,0.696604762,1.20443877,0,1.696246719,2.708050201
27,4,-1.561734799,0.696604762,1.20443877,0,1.696246719,0
28,4,-1.561734799,0.696604762,1.20443877,0,1.696246719,0
33,4,-1.561734799,0.696604762,1.20443877,0,1.696246719,0
31,0,-1.561734799,0.696604762,1.20443877,0,1.696246719,8.538758969
32,0,-1.561734799,0.696604762,1.20443877,0,1.696246719,0
34,4,-1.561734799,0.696604762,1.20443877,0,1.696246719,0
35,4,-1.561734799,0.696604762,1.20443877,0,1.696246719,0
38,0,-1.561734799,0.696604762,1.20443877,0,1.696246719,5.733341277
39,2,-1.561734799,0.696604762,1.20443877,0,1.696246719,1.098612289
40,2,-1.561734799,0.696604762,1.20443877,0,1.696246719,6.200509174
43,0,-1.561734799,0.696604762,1.20443877,0,1.696246719,0
45,0,-1.561734799,0.696604762,1.20443877,0,1.696246719,2.197224577
46,3,-1.561734799,0.696604762,1.20443877,0,1.696246719,0
47,3,-1.561734799,0.696604762,1.20443877,0,1.696246719,0
51,4,-1.561734799,0.696604762,1.20443877,0,1.696246719,0
55,4,-1.561734799,0.696604762,1.20443877,0,1.696246719,0
58,1,-1.561734799,0.696604762,1.20443877,0,1.696246719,5.068904202
59,1,-1.561734799,0.696604762,1.20443877,0,1.696246719,4.418840608
60,1,-1.561734799,0.696604762,1.20443877,0,1.696246719,0
62,4,-1.561734799,0.696604762,1.20443877,0,1.696246719,0
63,4,-1.561734799,0.696604762,1.20443877,0,1.696246719,0
65,4,-1.561734799,0.696604762,1.20443877,0,1.696246719,0
66,4,-1.561734799,0.696604762,1.20443877,0,1.696246719,0
0,4,-1.561734799,0.696604762,1.20443877,0,1.696246719,0
1,4,-1.561734799,0.696604762,1.20443877,0,1.696246719,0
2,4,-1.561734799,0.696604762,1.20443877,0,1.696246719,0
5,4,-1.561734799,0.696604762,1.20443877,0,1.696246719,0
9,3,-1.561734799,0.696604762,1.20443877,0,1.696246719,0
11,4,-1.561734799,0.696604762,1.20443877,0,1.696246719,0
12,4,-1.561734799,0.696604762,1.20443877,0,1.696246719,0
13,4,-1.561734799,0.696604762,1.20443877,0,1.696246719,0
15,4,-1.561734799,0.696604762,1.20443877,0,1.696246719,0
19,4,-1.561734799,0.696604762,1.20443877,0,1.696246719,0
20,3,-1.561734799,0.696604762,1.20443877,0,1.696246719,0
17,1,-1.561734799,0.696604762,1.20443877,0,1.696246719,5.247024072
23,4,-1.561734799,0.696604762,1.20443877,0,1.696246719,0
25,4,-1.561734799,0.696604762,1.20443877,0,1.696246719,0
26,4,-1.561734799,0.696604762,1.20443877,0,1.696246719,4.248495242
27,4,-1.561734799,0.696604762,1.20443877,0,1.696246719,0
33,4,-1.561734799,0.696604762,1.20443877,0,1.696246719,0
31,0,-1.561734799,0.696604762,1.20443877,0,1.696246719,8.861208337
32,0,-1.561734799,0.696604762,1.20443877,0,1.696246719,0
38,0,-1.561734799,0.696604762,1.20443877,0,1.696246719,4.290459441
39,2,-1.561734799,0.696604762,1.20443877,0,1.696246719,3.496507561
40,2,-1.561734799,0.696604762,1.20443877,0,1.696246719,6.388561406
45,0,-1.561734799,0.696604762,1.20443877,0,1.696246719,6.124683391
46,3,-1.561734799,0.696604762,1.20443877,0,1.696246719,2.890371758
47,3,-1.561734799,0.696604762,1.20443877,0,1.696246719,0
50,4,-1.561734799,0.696604762,1.20443877,0,1.696246719,2.890371758
51,4,-1.561734799,0.696604762,1.20443877,0,1.696246719,0
54,4,-1.561734799,0.696604762,1.20443877,0,1.696246719,0
58,1,-1.561734799,0.696604762,1.20443877,0,1.696246719,5.062595033
59,1,-1.561734799,0.696604762,1.20443877,0,1.696246719,4.060443011
60,1,-1.561734799,0.696604762,1.20443877,0,1.696246719,1.386294361
63,4,-1.561734799,0.696604762,1.20443877,0,1.696246719,0
69,4,-1.561734799,0.696604762,1.20443877,0,1.696246719,0
70,4,-1.561734799,0.696604762,1.20443877,0,1.696246719,0
71,4,-1.561734799,0.696604762,1.20443877,0,1.696246719,0
2,4,-1.561734799,0.696604762,1.20443877,1,1.696246719,0
9,3,-1.561734799,0.696604762,1.20443877,1,1.696246719,0
10,4,-1.561734799,0.696604762,1.20443877,1,1.696246719,0
13,4,-1.561734799,0.696604762,1.20443877,1,1.696246719,0
19,4,-1.561734799,0.696604762,1.20443877,1,1.696246719,0
18,1,-1.561734799,0.696604762,1.20443877,1,1.696246719,5.075173815
26,4,-1.561734799,0.696604762,1.20443877,1,1.696246719,0
33,4,-1.561734799,0.696604762,1.20443877,1,1.696246719,0
31,0,-1.561734799,0.696604762,1.20443877,1,1.696246719,1.386294361
32,0,-1.561734799,0.696604762,1.20443877,1,1.696246719,0
39,2,-1.561734799,0.696604762,1.20443877,1,1.696246719,0
40,2,-1.561734799,0.696604762,1.20443877,1,1.696246719,1.098612289
45,0,-1.561734799,0.696604762,1.20443877,1,1.696246719,0
58,1,-1.561734799,0.696604762,1.20443877,1,1.696246719,1.098612289
59,1,-1.561734799,0.696604762,1.20443877,1,1.696246719,5.834810737
63,4,-1.561734799,0.696604762,1.20443877,1,1.696246719,0
0,4,-1.561734799,0.696604762,1.20443877,1,1.696246719,0
1,4,-1.561734799,0.696604762,1.20443877,1,1.696246719,0
2,4,-1.561734799,0.696604762,1.20443877,1,1.696246719,0
5,4,-1.561734799,0.696604762,1.20443877,1,1.696246719,0
9,3,-1.561734799,0.696604762,1.20443877,1,1.696246719,0
13,4,-1.561734799,0.696604762,1.20443877,1,1.696246719,0
20,3,-1.561734799,0.696604762,1.20443877,1,1.696246719,0
18,1,-1.561734799,0.696604762,1.20443877,1,1.696246719,6.32256524
17,1,-1.561734799,0.696604762,1.20443877,1,1.696246719,3.988984047
26,4,-1.561734799,0.696604762,1.20443877,1,1.696246719,0
33,4,-1.561734799,0.696604762,1.20443877,1,1.696246719,0
31,0,-1.561734799,0.696604762,1.20443877,1,1.696246719,5.948034989
32,0,-1.561734799,0.696604762,1.20443877,1,1.696246719,0
35,4,-1.561734799,0.696604762,1.20443877,1,1.696246719,0
38,0,-1.561734799,0.696604762,1.20443877,1,1.696246719,0
39,2,-1.561734799,0.696604762,1.20443877,1,1.696246719,1.098612289
40,2,-1.561734799,0.696604762,1.20443877,1,1.696246719,3.871201011
43,0,-1.561734799,0.696604762,1.20443877,1,1.696246719,0
58,1,-1.561734799,0.696604762,1.20443877,1,1.696246719,2.197224577
59,1,-1.561734799,0.696604762,1.20443877,1,1.696246719,5.231108617
63,4,-1.561734799,0.696604762,1.20443877,1,1.696246719,0
66,4,-1.561734799,0.696604762,1.20443877,1,1.696246719,0
0,4,-1.561734799,0.696604762,1.20443877,1,1.696246719,0
1,4,-1.561734799,0.696604762,1.20443877,1,1.696246719,0
2,4,-1.561734799,0.696604762,1.20443877,1,1.696246719,0
5,4,-1.561734799,0.696604762,1.20443877,1,1.696246719,0
9,3,-1.561734799,0.696604762,1.20443877,1,1.696246719,0
10,4,-1.561734799,0.696604762,1.20443877,1,1.696246719,0
13,4,-1.561734799,0.696604762,1.20443877,1,1.696246719,0
14,4,-1.561734799,0.696604762,1.20443877,1,1.696246719,0
15,4,-1.561734799,0.696604762,1.20443877,1,1.696246719,0
16,4,-1.561734799,0.696604762,1.20443877,1,1.696246719,0
19,4,-1.561734799,0.696604762,1.20443877,1,1.696246719,0
20,3,-1.561734799,0.696604762,1.20443877,1,1.696246719,0
18,1,-1.561734799,0.696604762,1.20443877,1,1.696246719,9.78588575
17,1,-1.561734799,0.696604762,1.20443877,1,1.696246719,7.323170718
23,4,-1.561734799,0.696604762,1.20443877,1,1.696246719,0
24,4,-1.561734799,0.696604762,1.20443877,1,1.696246719,0
25,4,-1.561734799,0.696604762,1.20443877,1,1.696246719,0
26,4,-1.561734799,0.696604762,1.20443877,1,1.696246719,2.197224577
27,4,-1.561734799,0.696604762,1.20443877,1,1.696246719,0
28,4,-1.561734799,0.696604762,1.20443877,1,1.696246719,0
33,4,-1.561734799,0.696604762,1.20443877,1,1.696246719,0
31,0,-1.561734799,0.696604762,1.20443877,1,1.696246719,8.637639344
32,0,-1.561734799,0.696604762,1.20443877,1,1.696246719,0
35,4,-1.561734799,0.696604762,1.20443877,1,1.696246719,0
36,4,-1.561734799,0.696604762,1.20443877,1,1.696246719,0
38,0,-1.561734799,0.696604762,1.20443877,1,1.696246719,1.386294361
39,2,-1.561734799,0.696604762,1.20443877,1,1.696246719,1.386294361
40,2,-1.561734799,0.696604762,1.20443877,1,1.696246719,5.983936281
43,0,-1.561734799,0.696604762,1.20443877,1,1.696246719,0
45,0,-1.561734799,0.696604762,1.20443877,1,1.696246719,3.295836866
46,3,-1.561734799,0.696604762,1.20443877,1,1.696246719,0
47,3,-1.561734799,0.696604762,1.20443877,1,1.696246719,0
53,4,-1.561734799,0.696604762,1.20443877,1,1.696246719,0
58,1,-1.561734799,0.696604762,1.20443877,1,1.696246719,4.919980926
59,1,-1.561734799,0.696604762,1.20443877,1,1.696246719,7.75319427
60,1,-1.561734799,0.696604762,1.20443877,1,1.696246719,0
63,4,-1.561734799,0.696604762,1.20443877,1,1.696246719,0
64,4,-1.561734799,0.696604762,1.20443877,1,1.696246719,0
66,4,-1.561734799,0.696604762,1.20443877,1,1.696246719,0
70,4,-1.561734799,0.696604762,1.20443877,1,1.696246719,0
0,4,-1.561734799,0.696604762,1.20443877,2,1.696246719,0
1,4,-1.561734799,0.696604762,1.20443877,2,1.696246719,0
2,4,-1.561734799,0.696604762,1.20443877,2,1.696246719,0
5,4,-1.561734799,0.696604762,1.20443877,2,1.696246719,0
7,4,-1.561734799,0.696604762,1.20443877,2,1.696246719,0
9,3,-1.561734799,0.696604762,1.20443877,2,1.696246719,0.693147181
10,4,-1.561734799,0.696604762,1.20443877,2,1.696246719,0
12,4,-1.561734799,0.696604762,1.20443877,2,1.696246719,0
13,4,-1.561734799,0.696604762,1.20443877,2,1.696246719,0
14,4,-1.561734799,0.696604762,1.20443877,2,1.696246719,0
15,4,-1.561734799,0.696604762,1.20443877,2,1.696246719,0
16,4,-1.561734799,0.696604762,1.20443877,2,1.696246719,0
19,4,-1.561734799,0.696604762,1.20443877,2,1.696246719,0
20,3,-1.561734799,0.696604762,1.20443877,2,1.696246719,0
18,1,-1.561734799,0.696604762,1.20443877,2,1.696246719,6.487684018
17,1,-1.561734799,0.696604762,1.20443877,2,1.696246719,2.995732274
22,4,-1.561734799,0.696604762,1.20443877,2,1.696246719,0
24,4,-1.561734799,0.696604762,1.20443877,2,1.696246719,0
25,4,-1.561734799,0.696604762,1.20443877,2,1.696246719,0
26,4,-1.561734799,0.696604762,1.20443877,2,1.696246719,1.791759469
30,2,-1.561734799,0.696604762,1.20443877,2,1.696246719,2.302585093
33,4,-1.561734799,0.696604762,1.20443877,2,1.696246719,0
31,0,-1.561734799,0.696604762,1.20443877,2,1.696246719,7.398174093
32,0,-1.561734799,0.696604762,1.20443877,2,1.696246719,0
35,4,-1.561734799,0.696604762,1.20443877,2,1.696246719,0
38,0,-1.561734799,0.696604762,1.20443877,2,1.696246719,0
39,2,-1.561734799,0.696604762,1.20443877,2,1.696246719,1.386294361
40,2,-1.561734799,0.696604762,1.20443877,2,1.696246719,5.153291594
45,0,-1.561734799,0.696604762,1.20443877,2,1.696246719,1.609437912
46,3,-1.561734799,0.696604762,1.20443877,2,1.696246719,0
47,3,-1.561734799,0.696604762,1.20443877,2,1.696246719,0
50,4,-1.561734799,0.696604762,1.20443877,2,1.696246719,0
54,4,-1.561734799,0.696604762,1.20443877,2,1.696246719,0
58,1,-1.561734799,0.696604762,1.20443877,2,1.696246719,3.988984047
59,1,-1.561734799,0.696604762,1.20443877,2,1.696246719,5.283203729
63,4,-1.561734799,0.696604762,1.20443877,2,1.696246719,0
66,4,-1.561734799,0.696604762,1.20443877,2,1.696246719,0
70,4,-1.561734799,0.696604762,1.20443877,2,1.696246719,0
0,4,-1.561734799,0.696604762,1.20443877,1,1.696246719,0
1,4,-1.561734799,0.696604762,1.20443877,1,1.696246719,0
2,4,-1.561734799,0.696604762,1.20443877,1,1.696246719,0
9,3,-1.561734799,0.696604762,1.20443877,1,1.696246719,0
11,4,-1.561734799,0.696604762,1.20443877,1,1.696246719,0
13,4,-1.561734799,0.696604762,1.20443877,1,1.696246719,0
15,4,-1.561734799,0.696604762,1.20443877,1,1.696246719,0
19,4,-1.561734799,0.696604762,1.20443877,1,1.696246719,0
20,3,-1.561734799,0.696604762,1.20443877,1,1.696246719,0
18,1,-1.561734799,0.696604762,1.20443877,1,1.696246719,1.098612289
22,4,-1.561734799,0.696604762,1.20443877,1,1.696246719,0
25,4,-1.561734799,0.696604762,1.20443877,1,1.696246719,0
26,4,-1.561734799,0.696604762,1.20443877,1,1.696246719,1.609437912
33,4,-1.561734799,0.696604762,1.20443877,1,1.696246719,0
31,0,-1.561734799,0.696604762,1.20443877,1,1.696246719,4.343805422
32,0,-1.561734799,0.696604762,1.20443877,1,1.696246719,0
38,0,-1.561734799,0.696604762,1.20443877,1,1.696246719,0
39,2,-1.561734799,0.696604762,1.20443877,1,1.696246719,0
40,2,-1.561734799,0.696604762,1.20443877,1,1.696246719,2.63905733
43,0,-1.561734799,0.696604762,1.20443877,1,1.696246719,0
45,0,-1.561734799,0.696604762,1.20443877,1,1.696246719,1.386294361
46,3,-1.561734799,0.696604762,1.20443877,1,1.696246719,0
50,4,-1.561734799,0.696604762,1.20443877,1,1.696246719,0
51,4,-1.561734799,0.696604762,1.20443877,1,1.696246719,0.693147181
54,4,-1.561734799,0.696604762,1.20443877,1,1.696246719,0
58,1,-1.561734799,0.696604762,1.20443877,1,1.696246719,0.693147181
59,1,-1.561734799,0.696604762,1.20443877,1,1.696246719,1.609437912
9,3,-1.561734799,0.696604762,1.20443877,1,1.696246719,0
26,4,-1.561734799,0.696604762,1.20443877,1,1.696246719,0.693147181
33,4,-1.561734799,0.696604762,1.20443877,1,1.696246719,0
31,0,-1.561734799,0.696604762,1.20443877,1,1.696246719,1.098612289
38,0,-1.561734799,0.696604762,1.20443877,1,1.696246719,0
39,2,-1.561734799,0.696604762,1.20443877,1,1.696246719,0
40,2,-1.561734799,0.696604762,1.20443877,1,1.696246719,0
43,0,-1.561734799,0.696604762,1.20443877,1,1.696246719,0
58,1,-1.561734799,0.696604762,1.20443877,1,1.696246719,0
59,1,-1.561734799,0.696604762,1.20443877,1,1.696246719,0
0,4,-1.561734799,0.696604762,1.20443877,2,1.696246719,0
1,4,-1.561734799,0.696604762,1.20443877,2,1.696246719,0
2,4,-1.561734799,0.696604762,1.20443877,2,1.696246719,0
5,4,-1.561734799,0.696604762,1.20443877,2,1.696246719,0
9,3,-1.561734799,0.696604762,1.20443877,2,1.696246719,0
13,4,-1.561734799,0.696604762,1.20443877,2,1.696246719,0
15,4,-1.561734799,0.696604762,1.20443877,2,1.696246719,0
18,1,-1.561734799,0.696604762,1.20443877,2,1.696246719,1.791759469
17,1,-1.561734799,0.696604762,1.20443877,2,1.696246719,2.397895273
22,4,-1.561734799,0.696604762,1.20443877,2,1.696246719,0
26,4,-1.561734799,0.696604762,1.20443877,2,1.696246719,0
27,4,-1.561734799,0.696604762,1.20443877,2,1.696246719,0
30,2,-1.561734799,0.696604762,1.20443877,2,1.696246719,0
33,4,-1.561734799,0.696604762,1.20443877,2,1.696246719,0
31,0,-1.561734799,0.696604762,1.20443877,2,1.696246719,7.624618986
32,0,-1.561734799,0.696604762,1.20443877,2,1.696246719,0
38,0,-1.561734799,0.696604762,1.20443877,2,1.696246719,0
39,2,-1.561734799,0.696604762,1.20443877,2,1.696246719,1.098612289
40,2,-1.561734799,0.696604762,1.20443877,2,1.696246719,4.804021045
43,0,-1.561734799,0.696604762,1.20443877,2,1.696246719,0
45,0,-1.561734799,0.696604762,1.20443877,2,1.696246719,4.477336814
46,3,-1.561734799,0.696604762,1.20443877,2,1.696246719,0
47,3,-1.561734799,0.696604762,1.20443877,2,1.696246719,0
55,4,-1.561734799,0.696604762,1.20443877,2,1.696246719,0
58,1,-1.561734799,0.696604762,1.20443877,2,1.696246719,2.944438979
59,1,-1.561734799,0.696604762,1.20443877,2,1.696246719,4.158883083
63,4,-1.561734799,0.696604762,1.20443877,2,1.696246719,0
2,4,-1.561734799,0.696604762,1.20443877,1,1.696246719,0
9,3,-1.561734799,0.696604762,1.20443877,1,1.696246719,0
13,4,-1.561734799,0.696604762,1.20443877,1,1.696246719,0
14,4,-1.561734799,0.696604762,1.20443877,1,1.696246719,0
16,4,-1.561734799,0.696604762,1.20443877,1,1.696246719,0
21,4,-1.561734799,0.696604762,1.20443877,1,1.696246719,0
26,4,-1.561734799,0.696604762,1.20443877,1,1.696246719,0
33,4,-1.561734799,0.696604762,1.20443877,1,1.696246719,0
31,0,-1.561734799,0.696604762,1.20443877,1,1.696246719,0
38,0,-1.561734799,0.696604762,1.20443877,1,1.696246719,0
39,2,-1.561734799,0.696604762,1.20443877,1,1.696246719,0
40,2,-1.561734799,0.696604762,1.20443877,1,1.696246719,1.791759469
46,3,-1.561734799,0.696604762,1.20443877,1,1.696246719,0
51,4,-1.561734799,0.696604762,1.20443877,1,1.696246719,0
58,1,-1.561734799,0.696604762,1.20443877,1,1.696246719,1.098612289
59,1,-1.561734799,0.696604762,1.20443877,1,1.696246719,0
63,4,-1.561734799,0.696604762,1.20443877,1,1.696246719,0
64,4,-1.561734799,0.696604762,1.20443877,1,1.696246719,0
66,4,-1.561734799,0.696604762,1.20443877,1,1.696246719,0
1,4,-1.561734799,0.696604762,1.20443877,1,1.696246719,0
2,4,-1.561734799,0.696604762,1.20443877,1,1.696246719,0
4,4,-1.561734799,0.696604762,1.20443877,1,1.696246719,0
5,4,-1.561734799,0.696604762,1.20443877,1,1.696246719,0
9,3,-1.561734799,0.696604762,1.20443877,1,1.696246719,3.044522438
10,4,-1.561734799,0.696604762,1.20443877,1,1.696246719,0
11,4,-1.561734799,0.696604762,1.20443877,1,1.696246719,0
13,4,-1.561734799,0.696604762,1.20443877,1,1.696246719,0
15,4,-1.561734799,0.696604762,1.20443877,1,1.696246719,0
16,4,-1.561734799,0.696604762,1.20443877,1,1.696246719,0
18,1,-1.561734799,0.696604762,1.20443877,1,1.696246719,8.064007347
17,1,-1.561734799,0.696604762,1.20443877,1,1.696246719,5.402677382
22,4,-1.561734799,0.696604762,1.20443877,1,1.696246719,0
24,4,-1.561734799,0.696604762,1.20443877,1,1.696246719,0
26,4,-1.561734799,0.696604762,1.20443877,1,1.696246719,1.386294361
33,4,-1.561734799,0.696604762,1.20443877,1,1.696246719,0
31,0,-1.561734799,0.696604762,1.20443877,1,1.696246719,5.537334267
32,0,-1.561734799,0.696604762,1.20443877,1,1.696246719,0
35,4,-1.561734799,0.696604762,1.20443877,1,1.696246719,0
38,0,-1.561734799,0.696604762,1.20443877,1,1.696246719,0
39,2,-1.561734799,0.696604762,1.20443877,1,1.696246719,0.693147181
40,2,-1.561734799,0.696604762,1.20443877,1,1.696246719,3.044522438
46,3,-1.561734799,0.696604762,1.20443877,1,1.696246719,0
51,4,-1.561734799,0.696604762,1.20443877,1,1.696246719,0
58,1,-1.561734799,0.696604762,1.20443877,1,1.696246719,3.135494216
59,1,-1.561734799,0.696604762,1.20443877,1,1.696246719,6.302618976
63,4,-1.561734799,0.696604762,1.20443877,1,1.696246719,0
65,4,-1.561734799,0.696604762,1.20443877,1,1.696246719,0
66,4,-1.561734799,0.696604762,1.20443877,1,1.696246719,0
70,4,-1.561734799,0.696604762,1.20443877,1,1.696246719,0
71,4,-1.561734799,0.696604762,1.20443877,1,1.696246719,0
0,4,-1.561734799,0.696604762,1.20443877,1,1.696246719,0
1,4,-1.561734799,0.696604762,1.20443877,1,1.696246719,0
2,4,-1.561734799,0.696604762,1.20443877,1,1.696246719,0
5,4,-1.561734799,0.696604762,1.20443877,1,1.696246719,0
9,3,-1.561734799,0.696604762,1.20443877,1,1.696246719,0
13,4,-1.561734799,0.696604762,1.20443877,1,1.696246719,0
16,4,-1.561734799,0.696604762,1.20443877,1,1.696246719,0
18,1,-1.561734799,0.696604762,1.20443877,1,1.696246719,8.759668671
17,1,-1.561734799,0.696604762,1.20443877,1,1.696246719,4.700480366
26,4,-1.561734799,0.696604762,1.20443877,1,1.696246719,1.791759469
27,4,-1.561734799,0.696604762,1.20443877,1,1.696246719,0
33,4,-1.561734799,0.696604762,1.20443877,1,1.696246719,0
31,0,-1.561734799,0.696604762,1.20443877,1,1.696246719,7.160069208
32,0,-1.561734799,0.696604762,1.20443877,1,1.696246719,1.098612289
38,0,-1.561734799,0.696604762,1.20443877,1,1.696246719,0
39,2,-1.561734799,0.696604762,1.20443877,1,1.696246719,0
40,2,-1.561734799,0.696604762,1.20443877,1,1.696246719,4.077537444
45,0,-1.561734799,0.696604762,1.20443877,1,1.696246719,0
46,3,-1.561734799,0.696604762,1.20443877,1,1.696246719,0
47,3,-1.561734799,0.696604762,1.20443877,1,1.696246719,0
58,1,-1.561734799,0.696604762,1.20443877,1,1.696246719,4.304065093
59,1,-1.561734799,0.696604762,1.20443877,1,1.696246719,6.156978986
63,4,-1.561734799,0.696604762,1.20443877,1,1.696246719,0
65,4,-1.561734799,0.696604762,1.20443877,1,1.696246719,0
66,4,-1.561734799,0.696604762,1.20443877,1,1.696246719,0
0,4,-1.561734799,0.696604762,1.20443877,2,1.696246719,0
1,4,-1.561734799,0.696604762,1.20443877,2,1.696246719,0
2,4,-1.561734799,0.696604762,1.20443877,2,1.696246719,0
5,4,-1.561734799,0.696604762,1.20443877,2,1.696246719,0
9,3,-1.561734799,0.696604762,1.20443877,2,1.696246719,2.397895273
10,4,-1.561734799,0.696604762,1.20443877,2,1.696246719,0
11,4,-1.561734799,0.696604762,1.20443877,2,1.696246719,0
13,4,-1.561734799,0.696604762,1.20443877,2,1.696246719,0
15,4,-1.561734799,0.696604762,1.20443877,2,1.696246719,0
19,4,-1.561734799,0.696604762,1.20443877,2,1.696246719,0
20,3,-1.561734799,0.696604762,1.20443877,2,1.696246719,0
18,1,-1.561734799,0.696604762,1.20443877,2,1.696246719,7.387709239
17,1,-1.561734799,0.696604762,1.20443877,2,1.696246719,5.529429088
25,4,-1.561734799,0.696604762,1.20443877,2,1.696246719,0
26,4,-1.561734799,0.696604762,1.20443877,2,1.696246719,2.397895273
27,4,-1.561734799,0.696604762,1.20443877,2,1.696246719,0
33,4,-1.561734799,0.696604762,1.20443877,2,1.696246719,0
31,0,-1.561734799,0.696604762,1.20443877,2,1.696246719,6.894670039
32,0,-1.561734799,0.696604762,1.20443877,2,1.696246719,0
38,0,-1.561734799,0.696604762,1.20443877,2,1.696246719,1.098612289
39,2,-1.561734799,0.696604762,1.20443877,2,1.696246719,3.828641396
40,2,-1.561734799,0.696604762,1.20443877,2,1.696246719,5.472270674
43,0,-1.561734799,0.696604762,1.20443877,2,1.696246719,0
45,0,-1.561734799,0.696604762,1.20443877,2,1.696246719,5.605802066
46,3,-1.561734799,0.696604762,1.20443877,2,1.696246719,0
50,4,-1.561734799,0.696604762,1.20443877,2,1.696246719,0
54,4,-1.561734799,0.696604762,1.20443877,2,1.696246719,0
58,1,-1.561734799,0.696604762,1.20443877,2,1.696246719,4.356708827
59,1,-1.561734799,0.696604762,1.20443877,2,1.696246719,4.521788577
66,4,-1.561734799,0.696604762,1.20443877,2,1.696246719,0
69,4,-1.561734799,0.696604762,1.20443877,2,1.696246719,0
0,4,-1.561734799,0.696604762,1.20443877,1,1.696246719,0
1,4,-1.561734799,0.696604762,1.20443877,1,1.696246719,0
2,4,-1.561734799,0.696604762,1.20443877,1,1.696246719,0
3,4,-1.561734799,0.696604762,1.20443877,1,1.696246719,0
5,4,-1.561734799,0.696604762,1.20443877,1,1.696246719,0
9,3,-1.561734799,0.696604762,1.20443877,1,1.696246719,0
12,4,-1.561734799,0.696604762,1.20443877,1,1.696246719,0
13,4,-1.561734799,0.696604762,1.20443877,1,1.696246719,0
15,4,-1.561734799,0.696604762,1.20443877,1,1.696246719,0
19,4,-1.561734799,0.696604762,1.20443877,1,1.696246719,0
20,3,-1.561734799,0.696604762,1.20443877,1,1.696246719,0
18,1,-1.561734799,0.696604762,1.20443877,1,1.696246719,6.408528791
17,1,-1.561734799,0.696604762,1.20443877,1,1.696246719,5.075173815
22,4,-1.561734799,0.696604762,1.20443877,1,1.696246719,0
24,4,-1.561734799,0.696604762,1.20443877,1,1.696246719,0
26,4,-1.561734799,0.696604762,1.20443877,1,1.696246719,1.609437912
27,4,-1.561734799,0.696604762,1.20443877,1,1.696246719,0
33,4,-1.561734799,0.696604762,1.20443877,1,1.696246719,0
31,0,-1.561734799,0.696604762,1.20443877,1,1.696246719,7.759614151
38,0,-1.561734799,0.696604762,1.20443877,1,1.696246719,3.218875825
39,2,-1.561734799,0.696604762,1.20443877,1,1.696246719,0
40,2,-1.561734799,0.696604762,1.20443877,1,1.696246719,4.521788577
47,3,-1.561734799,0.696604762,1.20443877,1,1.696246719,0
50,4,-1.561734799,0.696604762,1.20443877,1,1.696246719,0
58,1,-1.561734799,0.696604762,1.20443877,1,1.696246719,4.110873864
59,1,-1.561734799,0.696604762,1.20443877,1,1.696246719,5.680172609
63,4,-1.561734799,0.696604762,1.20443877,1,1.696246719,0
65,4,-1.561734799,0.696604762,1.20443877,1,1.696246719,0
66,4,-1.561734799,0.696604762,1.20443877,1,1.696246719,0
69,4,-1.561734799,0.696604762,1.20443877,1,1.696246719,0
71,4,-1.561734799,0.696604762,1.20443877,1,1.696246719,0
0,4,-1.561734799,0.696604762,1.20443877,1,1.696246719,0
1,4,-1.561734799,0.696604762,1.20443877,1,1.696246719,0
2,4,-1.561734799,0.696604762,1.20443877,1,1.696246719,0
9,3,-1.561734799,0.696604762,1.20443877,1,1.696246719,0
20,3,-1.561734799,0.696604762,1.20443877,1,1.696246719,0
18,1,-1.561734799,0.696604762,1.20443877,1,1.696246719,5.541263545
17,1,-1.561734799,0.696604762,1.20443877,1,1.696246719,4.060443011
26,4,-1.561734799,0.696604762,1.20443877,1,1.696246719,2.63905733
31,0,-1.561734799,0.696604762,1.20443877,1,1.696246719,4.779123493
39,2,-1.561734799,0.696604762,1.20443877,1,1.696246719,0.693147181
40,2,-1.561734799,0.696604762,1.20443877,1,1.696246719,4.615120517
47,3,-1.561734799,0.696604762,1.20443877,1,1.696246719,0
58,1,-1.561734799,0.696604762,1.20443877,1,1.696246719,1.098612289
59,1,-1.561734799,0.696604762,1.20443877,1,1.696246719,2.197224577
2,4,-1.561734799,0.696604762,1.20443877,1,1.696246719,0
5,4,-1.561734799,0.696604762,1.20443877,1,1.696246719,0
9,3,-1.561734799,0.696604762,1.20443877,1,1.696246719,0
10,4,-1.561734799,0.696604762,1.20443877,1,1.696246719,0
13,4,-1.561734799,0.696604762,1.20443877,1,1.696246719,0
16,4,-1.561734799,0.696604762,1.20443877,1,1.696246719,0
20,3,-1.561734799,0.696604762,1.20443877,1,1.696246719,0
25,4,-1.561734799,0.696604762,1.20443877,1,1.696246719,0
26,4,-1.561734799,0.696604762,1.20443877,1,1.696246719,0
33,4,-1.561734799,0.696604762,1.20443877,1,1.696246719,0
31,0,-1.561734799,0.696604762,1.20443877,1,1.696246719,3.218875825
35,4,-1.561734799,0.696604762,1.20443877,1,1.696246719,0
38,0,-1.561734799,0.696604762,1.20443877,1,1.696246719,2.079441542
39,2,-1.561734799,0.696604762,1.20443877,1,1.696246719,0
40,2,-1.561734799,0.696604762,1.20443877,1,1.696246719,1.386294361
45,0,-1.561734799,0.696604762,1.20443877,1,1.696246719,0
46,3,-1.561734799,0.696604762,1.20443877,1,1.696246719,0
58,1,-1.561734799,0.696604762,1.20443877,1,1.696246719,0
59,1,-1.561734799,0.696604762,1.20443877,1,1.696246719,0.693147181
63,4,-1.561734799,0.696604762,1.20443877,1,1.696246719,0
66,4,-1.561734799,0.696604762,1.20443877,1,1.696246719,0
0,4,-1.561734799,0.696604762,1.20443877,0,1.696246719,0
1,4,-1.561734799,0.696604762,1.20443877,0,1.696246719,0
2,4,-1.561734799,0.696604762,1.20443877,0,1.696246719,0
9,3,-1.561734799,0.696604762,1.20443877,0,1.696246719,5.187385806
20,3,-1.561734799,0.696604762,1.20443877,0,1.696246719,0
18,1,-1.561734799,0.696604762,1.20443877,0,1.696246719,7.525639975
17,1,-1.561734799,0.696604762,1.20443877,0,1.696246719,5.129898715
26,4,-1.561734799,0.696604762,1.20443877,0,1.696246719,3.63758616
33,4,-1.561734799,0.696604762,1.20443877,0,1.696246719,0
31,0,-1.561734799,0.696604762,1.20443877,0,1.696246719,8.030409562
32,0,-1.561734799,0.696604762,1.20443877,0,1.696246719,0.693147181
38,0,-1.561734799,0.696604762,1.20443877,0,1.696246719,0
39,2,-1.561734799,0.696604762,1.20443877,0,1.696246719,6.697034248
40,2,-1.561734799,0.696604762,1.20443877,0,1.696246719,6.285998095
47,3,-1.561734799,0.696604762,1.20443877,0,1.696246719,0
58,1,-1.561734799,0.696604762,1.20443877,0,1.696246719,5.942799375
59,1,-1.561734799,0.696604762,1.20443877,0,1.696246719,3.496507561
2,4,-1.561734799,0.696604762,1.20443877,1,1.696246719,0
9,3,-1.561734799,0.696604762,1.20443877,1,1.696246719,0
10,4,-1.561734799,0.696604762,1.20443877,1,1.696246719,0
13,4,-1.561734799,0.696604762,1.20443877,1,1.696246719,0
14,4,-1.561734799,0.696604762,1.20443877,1,1.696246719,0
15,4,-1.561734799,0.696604762,1.20443877,1,1.696246719,0
19,4,-1.561734799,0.696604762,1.20443877,1,1.696246719,0
18,1,-1.561734799,0.696604762,1.20443877,1,1.696246719,6.822197391
17,1,-1.561734799,0.696604762,1.20443877,1,1.696246719,2.397895273
26,4,-1.561734799,0.696604762,1.20443877,1,1.696246719,1.386294361
33,4,-1.561734799,0.696604762,1.20443877,1,1.696246719,0
31,0,-1.561734799,0.696604762,1.20443877,1,1.696246719,6.304448802
32,0,-1.561734799,0.696604762,1.20443877,1,1.696246719,0
38,0,-1.561734799,0.696604762,1.20443877,1,1.696246719,0
39,2,-1.561734799,0.696604762,1.20443877,1,1.696246719,2.079441542
40,2,-1.561734799,0.696604762,1.20443877,1,1.696246719,3.135494216
45,0,-1.561734799,0.696604762,1.20443877,1,1.696246719,1.791759469
46,3,-1.561734799,0.696604762,1.20443877,1,1.696246719,0
47,3,-1.561734799,0.696604762,1.20443877,1,1.696246719,0
58,1,-1.561734799,0.696604762,1.20443877,1,1.696246719,3.80666249
59,1,-1.561734799,0.696604762,1.20443877,1,1.696246719,4.941642423
63,4,-1.561734799,0.696604762,1.20443877,1,1.696246719,0
64,4,-1.561734799,0.696604762,1.20443877,1,1.696246719,0
70,4,-1.561734799,0.696604762,1.20443877,1,1.696246719,0
71,4,-1.561734799,0.696604762,1.20443877,1,1.696246719,0
0,4,-1.561734799,0.696604762,1.20443877,1,1.696246719,0
1,4,-1.561734799,0.696604762,1.20443877,1,1.696246719,0
2,4,-1.561734799,0.696604762,1.20443877,1,1.696246719,0
4,4,-1.561734799,0.696604762,1.20443877,1,1.696246719,0
9,3,-1.561734799,0.696604762,1.20443877,1,1.696246719,0
10,4,-1.561734799,0.696604762,1.20443877,1,1.696246719,0
13,4,-1.561734799,0.696604762,1.20443877,1,1.696246719,0
15,4,-1.561734799,0.696604762,1.20443877,1,1.696246719,0
16,4,-1.561734799,0.696604762,1.20443877,1,1.696246719,0
20,3,-1.561734799,0.696604762,1.20443877,1,1.696246719,0
18,1,-1.561734799,0.696604762,1.20443877,1,1.696246719,6.023447593
17,1,-1.561734799,0.696604762,1.20443877,1,1.696246719,2.302585093
26,4,-1.561734799,0.696604762,1.20443877,1,1.696246719,0
30,2,-1.561734799,0.696604762,1.20443877,1,1.696246719,0
33,4,-1.561734799,0.696604762,1.20443877,1,1.696246719,0
31,0,-1.561734799,0.696604762,1.20443877,1,1.696246719,3.850147602
38,0,-1.561734799,0.696604762,1.20443877,1,1.696246719,5.159055299
39,2,-1.561734799,0.696604762,1.20443877,1,1.696246719,0
40,2,-1.561734799,0.696604762,1.20443877,1,1.696246719,2.397895273
46,3,-1.561734799,0.696604762,1.20443877,1,1.696246719,0
50,4,-1.561734799,0.696604762,1.20443877,1,1.696246719,0
58,1,-1.561734799,0.696604762,1.20443877,1,1.696246719,1.945910149
59,1,-1.561734799,0.696604762,1.20443877,1,1.696246719,5.937536205
63,4,-1.561734799,0.696604762,1.20443877,1,1.696246719,0
0,4,-1.561734799,0.696604762,1.20443877,2,1.696246719,0
1,4,-1.561734799,0.696604762,1.20443877,2,1.696246719,0
2,4,-1.561734799,0.696604762,1.20443877,2,1.696246719,0
4,4,-1.561734799,0.696604762,1.20443877,2,1.696246719,0
5,4,-1.561734799,0.696604762,1.20443877,2,1.696246719,0
9,3,-1.561734799,0.696604762,1.20443877,2,1.696246719,3.135494216
11,4,-1.561734799,0.696604762,1.20443877,2,1.696246719,0
13,4,-1.561734799,0.696604762,1.20443877,2,1.696246719,0
15,4,-1.561734799,0.696604762,1.20443877,2,1.696246719,0
19,4,-1.561734799,0.696604762,1.20443877,2,1.696246719,0
20,3,-1.561734799,0.696604762,1.20443877,2,1.696246719,0
23,4,-1.561734799,0.696604762,1.20443877,2,1.696246719,0
25,4,-1.561734799,0.696604762,1.20443877,2,1.696246719,0
26,4,-1.561734799,0.696604762,1.20443877,2,1.696246719,3.583518938
33,4,-1.561734799,0.696604762,1.20443877,2,1.696246719,0
31,0,-1.561734799,0.696604762,1.20443877,2,1.696246719,8.772920093
32,0,-1.561734799,0.696604762,1.20443877,2,1.696246719,0
34,4,-1.561734799,0.696604762,1.20443877,2,1.696246719,0
38,0,-1.561734799,0.696604762,1.20443877,2,1.696246719,0
39,2,-1.561734799,0.696604762,1.20443877,2,1.696246719,2.772588722
40,2,-1.561734799,0.696604762,1.20443877,2,1.696246719,6.579251212
43,0,-1.561734799,0.696604762,1.20443877,2,1.696246719,0
45,0,-1.561734799,0.696604762,1.20443877,2,1.696246719,0.693147181
47,3,-1.561734799,0.696604762,1.20443877,2,1.696246719,0
50,4,-1.561734799,0.696604762,1.20443877,2,1.696246719,0
51,4,-1.561734799,0.696604762,1.20443877,2,1.696246719,0
52,4,-1.561734799,0.696604762,1.20443877,2,1.696246719,0
53,4,-1.561734799,0.696604762,1.20443877,2,1.696246719,0
55,4,-1.561734799,0.696604762,1.20443877,2,1.696246719,0
58,1,-1.561734799,0.696604762,1.20443877,2,1.696246719,3.912023005
59,1,-1.561734799,0.696604762,1.20443877,2,1.696246719,6.202535517
60,1,-1.561734799,0.696604762,1.20443877,2,1.696246719,0
1,4,-1.561734799,0.696604762,1.20443877,1,1.696246719,0
11,4,-1.561734799,0.696604762,1.20443877,1,1.696246719,0
14,4,-1.561734799,0.696604762,1.20443877,1,1.696246719,0
16,4,-1.561734799,0.696604762,1.20443877,1,1.696246719,0
19,4,-1.561734799,0.696604762,1.20443877,1,1.696246719,0
20,3,-1.561734799,0.696604762,1.20443877,1,1.696246719,0
26,4,-1.561734799,0.696604762,1.20443877,1,1.696246719,0
33,4,-1.561734799,0.696604762,1.20443877,1,1.696246719,0
31,0,-1.561734799,0.696604762,1.20443877,1,1.696246719,0
38,0,-1.561734799,0.696604762,1.20443877,1,1.696246719,2.708050201
39,2,-1.561734799,0.696604762,1.20443877,1,1.696246719,0
40,2,-1.561734799,0.696604762,1.20443877,1,1.696246719,0
63,4,-1.561734799,0.696604762,1.20443877,1,1.696246719,0
0,4,-1.561734799,0.696604762,1.20443877,0,1.696246719,0
1,4,-1.561734799,0.696604762,1.20443877,0,1.696246719,0
2,4,-1.561734799,0.696604762,1.20443877,0,1.696246719,0
5,4,-1.561734799,0.696604762,1.20443877,0,1.696246719,0
9,3,-1.561734799,0.696604762,1.20443877,0,1.696246719,4.553876892
10,4,-1.561734799,0.696604762,1.20443877,0,1.696246719,0
11,4,-1.561734799,0.696604762,1.20443877,0,1.696246719,0
13,4,-1.561734799,0.696604762,1.20443877,0,1.696246719,0
14,4,-1.561734799,0.696604762,1.20443877,0,1.696246719,0
15,4,-1.561734799,0.696604762,1.20443877,0,1.696246719,0
16,4,-1.561734799,0.696604762,1.20443877,0,1.696246719,0
19,4,-1.561734799,0.696604762,1.20443877,0,1.696246719,0
18,1,-1.561734799,0.696604762,1.20443877,0,1.696246719,5.823045895
17,1,-1.561734799,0.696604762,1.20443877,0,1.696246719,4.86753445
22,4,-1.561734799,0.696604762,1.20443877,0,1.696246719,0
23,4,-1.561734799,0.696604762,1.20443877,0,1.696246719,0
24,4,-1.561734799,0.696604762,1.20443877,0,1.696246719,0
25,4,-1.561734799,0.696604762,1.20443877,0,1.696246719,0
26,4,-1.561734799,0.696604762,1.20443877,0,1.696246719,4.644390899
27,4,-1.561734799,0.696604762,1.20443877,0,1.696246719,0
28,4,-1.561734799,0.696604762,1.20443877,0,1.696246719,0
29,4,-1.561734799,0.696604762,1.20443877,0,1.696246719,0
33,4,-1.561734799,0.696604762,1.20443877,0,1.696246719,0
31,0,-1.561734799,0.696604762,1.20443877,0,1.696246719,9.672500824
32,0,-1.561734799,0.696604762,1.20443877,0,1.696246719,0
35,4,-1.561734799,0.696604762,1.20443877,0,1.696246719,0
36,4,-1.561734799,0.696604762,1.20443877,0,1.696246719,0
38,0,-1.561734799,0.696604762,1.20443877,0,1.696246719,6.202535517
39,2,-1.561734799,0.696604762,1.20443877,0,1.696246719,5.105945474
40,2,-1.561734799,0.696604762,1.20443877,0,1.696246719,7.026426809
45,0,-1.561734799,0.696604762,1.20443877,0,1.696246719,0
47,3,-1.561734799,0.696604762,1.20443877,0,1.696246719,0
50,4,-1.561734799,0.696604762,1.20443877,0,1.696246719,0
51,4,-1.561734799,0.696604762,1.20443877,0,1.696246719,0
58,1,-1.561734799,0.696604762,1.20443877,0,1.696246719,5.18178355
59,1,-1.561734799,0.696604762,1.20443877,0,1.696246719,5.509388337
60,1,-1.561734799,0.696604762,1.20443877,0,1.696246719,1.386294361
62,4,-1.561734799,0.696604762,1.20443877,0,1.696246719,0
61,4,-1.561734799,0.696604762,1.20443877,0,1.696246719,0
63,4,-1.561734799,0.696604762,1.20443877,0,1.696246719,0
65,4,-1.561734799,0.696604762,1.20443877,0,1.696246719,0
66,4,-1.561734799,0.696604762,1.20443877,0,1.696246719,0
71,4,-1.561734799,0.696604762,1.20443877,0,1.696246719,0
0,4,-1.561734799,0.696604762,1.20443877,0,1.696246719,1.386294361
1,4,-1.561734799,0.696604762,1.20443877,0,1.696246719,0
2,4,-1.561734799,0.696604762,1.20443877,0,1.696246719,0
5,4,-1.561734799,0.696604762,1.20443877,0,1.696246719,0
9,3,-1.561734799,0.696604762,1.20443877,0,1.696246719,4.532599493
10,4,-1.561734799,0.696604762,1.20443877,0,1.696246719,0
12,4,-1.561734799,0.696604762,1.20443877,0,1.696246719,0
13,4,-1.561734799,0.696604762,1.20443877,0,1.696246719,0
15,4,-1.561734799,0.696604762,1.20443877,0,1.696246719,0
19,4,-1.561734799,0.696604762,1.20443877,0,1.696246719,0
20,3,-1.561734799,0.696604762,1.20443877,0,1.696246719,0
18,1,-1.561734799,0.696604762,1.20443877,0,1.696246719,1.098612289
17,1,-1.561734799,0.696604762,1.20443877,0,1.696246719,2.890371758
21,4,-1.561734799,0.696604762,1.20443877,0,1.696246719,0
22,4,-1.561734799,0.696604762,1.20443877,0,1.696246719,0
23,4,-1.561734799,0.696604762,1.20443877,0,1.696246719,0
25,4,-1.561734799,0.696604762,1.20443877,0,1.696246719,0
26,4,-1.561734799,0.696604762,1.20443877,0,1.696246719,3.218875825
27,4,-1.561734799,0.696604762,1.20443877,0,1.696246719,0
33,4,-1.561734799,0.696604762,1.20443877,0,1.696246719,0
31,0,-1.561734799,0.696604762,1.20443877,0,1.696246719,9.385721231
32,0,-1.561734799,0.696604762,1.20443877,0,1.696246719,0.693147181
35,4,-1.561734799,0.696604762,1.20443877,0,1.696246719,0
38,0,-1.561734799,0.696604762,1.20443877,0,1.696246719,5.743003188
39,2,-1.561734799,0.696604762,1.20443877,0,1.696246719,5.616771098
40,2,-1.561734799,0.696604762,1.20443877,0,1.696246719,6.693323668
43,0,-1.561734799,0.696604762,1.20443877,0,1.696246719,3.713572067
45,0,-1.561734799,0.696604762,1.20443877,0,1.696246719,4.997212274
46,3,-1.561734799,0.696604762,1.20443877,0,1.696246719,0
47,3,-1.561734799,0.696604762,1.20443877,0,1.696246719,0
50,4,-1.561734799,0.696604762,1.20443877,0,1.696246719,0
51,4,-1.561734799,0.696604762,1.20443877,0,1.696246719,0
52,4,-1.561734799,0.696604762,1.20443877,0,1.696246719,0
58,1,-1.561734799,0.696604762,1.20443877,0,1.696246719,5.560681631
59,1,-1.561734799,0.696604762,1.20443877,0,1.696246719,5.680172609
60,1,-1.561734799,0.696604762,1.20443877,0,1.696246719,2.079441542
63,4,-1.561734799,0.696604762,1.20443877,0,1.696246719,0
65,4,-1.561734799,0.696604762,1.20443877,0,1.696246719,0
66,4,-1.561734799,0.696604762,1.20443877,0,1.696246719,0
70,4,-1.561734799,0.696604762,1.20443877,0,1.696246719,0
71,4,-1.561734799,0.696604762,1.20443877,0,1.696246719,0
0,4,1.304231385,-0.715969565,1.20443877,2,1.63871618,0
1,4,1.304231385,-0.715969565,1.20443877,2,1.63871618,0
2,4,1.304231385,-0.715969565,1.20443877,2,1.63871618,0
5,4,1.304231385,-0.715969565,1.20443877,2,1.63871618,0
9,3,1.304231385,-0.715969565,1.20443877,2,1.63871618,0
12,4,1.304231385,-0.715969565,1.20443877,2,1.63871618,0
13,4,1.304231385,-0.715969565,1.20443877,2,1.63871618,0
15,4,1.304231385,-0.715969565,1.20443877,2,1.63871618,0
18,1,1.304231385,-0.715969565,1.20443877,2,1.63871618,1.098612289
26,4,1.304231385,-0.715969565,1.20443877,2,1.63871618,0.693147181
27,4,1.304231385,-0.715969565,1.20443877,2,1.63871618,0
30,2,1.304231385,-0.715969565,1.20443877,2,1.63871618,0
33,4,1.304231385,-0.715969565,1.20443877,2,1.63871618,0
31,0,1.304231385,-0.715969565,1.20443877,2,1.63871618,7.564757013
32,0,1.304231385,-0.715969565,1.20443877,2,1.63871618,0
38,0,1.304231385,-0.715969565,1.20443877,2,1.63871618,0.693147181
39,2,1.304231385,-0.715969565,1.20443877,2,1.63871618,0.693147181
40,2,1.304231385,-0.715969565,1.20443877,2,1.63871618,4.584967479
43,0,1.304231385,-0.715969565,1.20443877,2,1.63871618,0
45,0,1.304231385,-0.715969565,1.20443877,2,1.63871618,4.234106505
46,3,1.304231385,-0.715969565,1.20443877,2,1.63871618,0
47,3,1.304231385,-0.715969565,1.20443877,2,1.63871618,0
55,4,1.304231385,-0.715969565,1.20443877,2,1.63871618,0
58,1,1.304231385,-0.715969565,1.20443877,2,1.63871618,2.48490665
59,1,1.304231385,-0.715969565,1.20443877,2,1.63871618,3.80666249
63,4,1.304231385,-0.715969565,1.20443877,2,1.63871618,0
71,4,1.304231385,-0.715969565,1.20443877,2,1.63871618,0
0,4,1.304231385,-0.715969565,1.20443877,0,1.63871618,1.098612289
1,4,1.304231385,-0.715969565,1.20443877,0,1.63871618,0
2,4,1.304231385,-0.715969565,1.20443877,0,1.63871618,0
3,4,1.304231385,-0.715969565,1.20443877,0,1.63871618,0
5,4,1.304231385,-0.715969565,1.20443877,0,1.63871618,0
9,3,1.304231385,-0.715969565,1.20443877,0,1.63871618,0
11,4,1.304231385,-0.715969565,1.20443877,0,1.63871618,0
12,4,1.304231385,-0.715969565,1.20443877,0,1.63871618,0
13,4,1.304231385,-0.715969565,1.20443877,0,1.63871618,0
14,4,1.304231385,-0.715969565,1.20443877,0,1.63871618,0
15,4,1.304231385,-0.715969565,1.20443877,0,1.63871618,0
16,4,1.304231385,-0.715969565,1.20443877,0,1.63871618,0
19,4,1.304231385,-0.715969565,1.20443877,0,1.63871618,0
20,3,1.304231385,-0.715969565,1.20443877,0,1.63871618,0
18,1,1.304231385,-0.715969565,1.20443877,0,1.63871618,2.079441542
17,1,1.304231385,-0.715969565,1.20443877,0,1.63871618,2.944438979
22,4,1.304231385,-0.715969565,1.20443877,0,1.63871618,0
23,4,1.304231385,-0.715969565,1.20443877,0,1.63871618,0
25,4,1.304231385,-0.715969565,1.20443877,0,1.63871618,0
26,4,1.304231385,-0.715969565,1.20443877,0,1.63871618,3.044522438
27,4,1.304231385,-0.715969565,1.20443877,0,1.63871618,0
30,2,1.304231385,-0.715969565,1.20443877,0,1.63871618,0
33,4,1.304231385,-0.715969565,1.20443877,0,1.63871618,0
31,0,1.304231385,-0.715969565,1.20443877,0,1.63871618,8.533263372
32,0,1.304231385,-0.715969565,1.20443877,0,1.63871618,0
38,0,1.304231385,-0.715969565,1.20443877,0,1.63871618,5.831882477
39,2,1.304231385,-0.715969565,1.20443877,0,1.63871618,1.791759469
40,2,1.304231385,-0.715969565,1.20443877,0,1.63871618,6.376726948
45,0,1.304231385,-0.715969565,1.20443877,0,1.63871618,1.609437912
47,3,1.304231385,-0.715969565,1.20443877,0,1.63871618,0
51,4,1.304231385,-0.715969565,1.20443877,0,1.63871618,0
54,4,1.304231385,-0.715969565,1.20443877,0,1.63871618,0
55,4,1.304231385,-0.715969565,1.20443877,0,1.63871618,0
58,1,1.304231385,-0.715969565,1.20443877,0,1.63871618,4.890349128
59,1,1.304231385,-0.715969565,1.20443877,0,1.63871618,4.510859507
60,1,1.304231385,-0.715969565,1.20443877,0,1.63871618,0.693147181
61,4,1.304231385,-0.715969565,1.20443877,0,1.63871618,0
63,4,1.304231385,-0.715969565,1.20443877,0,1.63871618,0
65,4,1.304231385,-0.715969565,1.20443877,0,1.63871618,0
66,4,1.304231385,-0.715969565,1.20443877,0,1.63871618,0
69,4,1.304231385,-0.715969565,1.20443877,0,1.63871618,0
1,4,1.304231385,-0.715969565,1.20443877,1,1.63871618,0
2,4,1.304231385,-0.715969565,1.20443877,1,1.63871618,0
7,4,1.304231385,-0.715969565,1.20443877,1,1.63871618,0
9,3,1.304231385,-0.715969565,1.20443877,1,1.63871618,0
13,4,1.304231385,-0.715969565,1.20443877,1,1.63871618,0
15,4,1.304231385,-0.715969565,1.20443877,1,1.63871618,0
16,4,1.304231385,-0.715969565,1.20443877,1,1.63871618,0
19,4,1.304231385,-0.715969565,1.20443877,1,1.63871618,0
20,3,1.304231385,-0.715969565,1.20443877,1,1.63871618,0
18,1,1.304231385,-0.715969565,1.20443877,1,1.63871618,1.098612289
22,4,1.304231385,-0.715969565,1.20443877,1,1.63871618,0
25,4,1.304231385,-0.715969565,1.20443877,1,1.63871618,0
26,4,1.304231385,-0.715969565,1.20443877,1,1.63871618,1.098612289
28,4,1.304231385,-0.715969565,1.20443877,1,1.63871618,0
33,4,1.304231385,-0.715969565,1.20443877,1,1.63871618,0
31,0,1.304231385,-0.715969565,1.20443877,1,1.63871618,3.912023005
32,0,1.304231385,-0.715969565,1.20443877,1,1.63871618,0
35,4,1.304231385,-0.715969565,1.20443877,1,1.63871618,0
38,0,1.304231385,-0.715969565,1.20443877,1,1.63871618,1.386294361
39,2,1.304231385,-0.715969565,1.20443877,1,1.63871618,1.098612289
40,2,1.304231385,-0.715969565,1.20443877,1,1.63871618,2.63905733
43,0,1.304231385,-0.715969565,1.20443877,1,1.63871618,0
45,0,1.304231385,-0.715969565,1.20443877,1,1.63871618,0.693147181
46,3,1.304231385,-0.715969565,1.20443877,1,1.63871618,0
50,4,1.304231385,-0.715969565,1.20443877,1,1.63871618,0
51,4,1.304231385,-0.715969565,1.20443877,1,1.63871618,0
58,1,1.304231385,-0.715969565,1.20443877,1,1.63871618,0
59,1,1.304231385,-0.715969565,1.20443877,1,1.63871618,2.302585093
0,4,1.304231385,-0.715969565,1.20443877,2,1.63871618,0
1,4,1.304231385,-0.715969565,1.20443877,2,1.63871618,0
2,4,1.304231385,-0.715969565,1.20443877,2,1.63871618,0
3,4,1.304231385,-0.715969565,1.20443877,2,1.63871618,0
5,4,1.304231385,-0.715969565,1.20443877,2,1.63871618,0
9,3,1.304231385,-0.715969565,1.20443877,2,1.63871618,0
10,4,1.304231385,-0.715969565,1.20443877,2,1.63871618,0
11,4,1.304231385,-0.715969565,1.20443877,2,1.63871618,0
13,4,1.304231385,-0.715969565,1.20443877,2,1.63871618,0
15,4,1.304231385,-0.715969565,1.20443877,2,1.63871618,0
19,4,1.304231385,-0.715969565,1.20443877,2,1.63871618,0
20,3,1.304231385,-0.715969565,1.20443877,2,1.63871618,0
18,1,1.304231385,-0.715969565,1.20443877,2,1.63871618,7.24636808
17,1,1.304231385,-0.715969565,1.20443877,2,1.63871618,5.056245805
25,4,1.304231385,-0.715969565,1.20443877,2,1.63871618,0
26,4,1.304231385,-0.715969565,1.20443877,2,1.63871618,1.945910149
27,4,1.304231385,-0.715969565,1.20443877,2,1.63871618,0
33,4,1.304231385,-0.715969565,1.20443877,2,1.63871618,0
31,0,1.304231385,-0.715969565,1.20443877,2,1.63871618,6.309918278
32,0,1.304231385,-0.715969565,1.20443877,2,1.63871618,2.833213344
38,0,1.304231385,-0.715969565,1.20443877,2,1.63871618,0
39,2,1.304231385,-0.715969565,1.20443877,2,1.63871618,4.094344562
40,2,1.304231385,-0.715969565,1.20443877,2,1.63871618,5.056245805
45,0,1.304231385,-0.715969565,1.20443877,2,1.63871618,0
46,3,1.304231385,-0.715969565,1.20443877,2,1.63871618,0
47,3,1.304231385,-0.715969565,1.20443877,2,1.63871618,0
51,4,1.304231385,-0.715969565,1.20443877,2,1.63871618,0
54,4,1.304231385,-0.715969565,1.20443877,2,1.63871618,0
58,1,1.304231385,-0.715969565,1.20443877,2,1.63871618,2.833213344
59,1,1.304231385,-0.715969565,1.20443877,2,1.63871618,3.850147602
66,4,1.304231385,-0.715969565,1.20443877,2,1.63871618,0
0,4,1.304231385,-0.715969565,1.20443877,1,1.63871618,0
2,4,1.304231385,-0.715969565,1.20443877,1,1.63871618,0
5,4,1.304231385,-0.715969565,1.20443877,1,1.63871618,0
9,3,1.304231385,-0.715969565,1.20443877,1,1.63871618,0
10,4,1.304231385,-0.715969565,1.20443877,1,1.63871618,0
12,4,1.304231385,-0.715969565,1.20443877,1,1.63871618,0
13,4,1.304231385,-0.715969565,1.20443877,1,1.63871618,0
14,4,1.304231385,-0.715969565,1.20443877,1,1.63871618,0
19,4,1.304231385,-0.715969565,1.20443877,1,1.63871618,0
18,1,1.304231385,-0.715969565,1.20443877,1,1.63871618,7.106606138
17,1,1.304231385,-0.715969565,1.20443877,1,1.63871618,2.995732274
21,4,1.304231385,-0.715969565,1.20443877,1,1.63871618,0
26,4,1.304231385,-0.715969565,1.20443877,1,1.63871618,2.197224577
33,4,1.304231385,-0.715969565,1.20443877,1,1.63871618,0
31,0,1.304231385,-0.715969565,1.20443877,1,1.63871618,6.708084084
32,0,1.304231385,-0.715969565,1.20443877,1,1.63871618,0
38,0,1.304231385,-0.715969565,1.20443877,1,1.63871618,0
39,2,1.304231385,-0.715969565,1.20443877,1,1.63871618,0
40,2,1.304231385,-0.715969565,1.20443877,1,1.63871618,3.713572067
45,0,1.304231385,-0.715969565,1.20443877,1,1.63871618,2.079441542
46,3,1.304231385,-0.715969565,1.20443877,1,1.63871618,0
47,3,1.304231385,-0.715969565,1.20443877,1,1.63871618,0
55,4,1.304231385,-0.715969565,1.20443877,1,1.63871618,0
58,1,1.304231385,-0.715969565,1.20443877,1,1.63871618,3.713572067
59,1,1.304231385,-0.715969565,1.20443877,1,1.63871618,5.293304825
63,4,1.304231385,-0.715969565,1.20443877,1,1.63871618,0
64,4,1.304231385,-0.715969565,1.20443877,1,1.63871618,0
71,4,1.304231385,-0.715969565,1.20443877,1,1.63871618,0
0,4,1.304231385,-0.715969565,1.20443877,1,1.63871618,0
1,4,1.304231385,-0.715969565,1.20443877,1,1.63871618,0
2,4,1.304231385,-0.715969565,1.20443877,1,1.63871618,0
4,4,1.304231385,-0.715969565,1.20443877,1,1.63871618,0
5,4,1.304231385,-0.715969565,1.20443877,1,1.63871618,0
9,3,1.304231385,-0.715969565,1.20443877,1,1.63871618,3.044522438
13,4,1.304231385,-0.715969565,1.20443877,1,1.63871618,0
15,4,1.304231385,-0.715969565,1.20443877,1,1.63871618,0
16,4,1.304231385,-0.715969565,1.20443877,1,1.63871618,0
20,3,1.304231385,-0.715969565,1.20443877,1,1.63871618,0
18,1,1.304231385,-0.715969565,1.20443877,1,1.63871618,6.192362489
17,1,1.304231385,-0.715969565,1.20443877,1,1.63871618,2.564949357
26,4,1.304231385,-0.715969565,1.20443877,1,1.63871618,0
30,2,1.304231385,-0.715969565,1.20443877,1,1.63871618,0
33,4,1.304231385,-0.715969565,1.20443877,1,1.63871618,0
31,0,1.304231385,-0.715969565,1.20443877,1,1.63871618,3.401197382
38,0,1.304231385,-0.715969565,1.20443877,1,1.63871618,4.9698133
39,2,1.304231385,-0.715969565,1.20443877,1,1.63871618,0
40,2,1.304231385,-0.715969565,1.20443877,1,1.63871618,2.944438979
46,3,1.304231385,-0.715969565,1.20443877,1,1.63871618,0
50,4,1.304231385,-0.715969565,1.20443877,1,1.63871618,0
58,1,1.304231385,-0.715969565,1.20443877,1,1.63871618,1.609437912
59,1,1.304231385,-0.715969565,1.20443877,1,1.63871618,6.059123196
63,4,1.304231385,-0.715969565,1.20443877,1,1.63871618,0
0,4,1.304231385,-0.715969565,1.20443877,0,1.63871618,2.397895273
1,4,1.304231385,-0.715969565,1.20443877,0,1.63871618,0
2,4,1.304231385,-0.715969565,1.20443877,0,1.63871618,0
3,4,1.304231385,-0.715969565,1.20443877,0,1.63871618,0
5,4,1.304231385,-0.715969565,1.20443877,0,1.63871618,0
9,3,1.304231385,-0.715969565,1.20443877,0,1.63871618,4.158883083
11,4,1.304231385,-0.715969565,1.20443877,0,1.63871618,0
12,4,1.304231385,-0.715969565,1.20443877,0,1.63871618,0
13,4,1.304231385,-0.715969565,1.20443877,0,1.63871618,0
15,4,1.304231385,-0.715969565,1.20443877,0,1.63871618,0
19,4,1.304231385,-0.715969565,1.20443877,0,1.63871618,0
20,3,1.304231385,-0.715969565,1.20443877,0,1.63871618,0
18,1,1.304231385,-0.715969565,1.20443877,0,1.63871618,1.098612289
17,1,1.304231385,-0.715969565,1.20443877,0,1.63871618,2.397895273
22,4,1.304231385,-0.715969565,1.20443877,0,1.63871618,0
25,4,1.304231385,-0.715969565,1.20443877,0,1.63871618,0
26,4,1.304231385,-0.715969565,1.20443877,0,1.63871618,3.258096538
27,4,1.304231385,-0.715969565,1.20443877,0,1.63871618,0
33,4,1.304231385,-0.715969565,1.20443877,0,1.63871618,0
31,0,1.304231385,-0.715969565,1.20443877,0,1.63871618,9.525224102
32,0,1.304231385,-0.715969565,1.20443877,0,1.63871618,1.609437912
35,4,1.304231385,-0.715969565,1.20443877,0,1.63871618,0
38,0,1.304231385,-0.715969565,1.20443877,0,1.63871618,5.755742214
39,2,1.304231385,-0.715969565,1.20443877,0,1.63871618,4.143134726
40,2,1.304231385,-0.715969565,1.20443877,0,1.63871618,6.634633358
43,0,1.304231385,-0.715969565,1.20443877,0,1.63871618,4.927253685
45,0,1.304231385,-0.715969565,1.20443877,0,1.63871618,4.976733742
47,3,1.304231385,-0.715969565,1.20443877,0,1.63871618,0
50,4,1.304231385,-0.715969565,1.20443877,0,1.63871618,0
51,4,1.304231385,-0.715969565,1.20443877,0,1.63871618,0
52,4,1.304231385,-0.715969565,1.20443877,0,1.63871618,0
58,1,1.304231385,-0.715969565,1.20443877,0,1.63871618,4.753590191
59,1,1.304231385,-0.715969565,1.20443877,0,1.63871618,5.433722004
60,1,1.304231385,-0.715969565,1.20443877,0,1.63871618,0
61,4,1.304231385,-0.715969565,1.20443877,0,1.63871618,0
63,4,1.304231385,-0.715969565,1.20443877,0,1.63871618,0
65,4,1.304231385,-0.715969565,1.20443877,0,1.63871618,0
66,4,1.304231385,-0.715969565,1.20443877,0,1.63871618,0
71,4,1.304231385,-0.715969565,1.20443877,0,1.63871618,0
0,4,1.304231385,-0.715969565,1.20443877,2,1.63871618,0
1,4,1.304231385,-0.715969565,1.20443877,2,1.63871618,0
2,4,1.304231385,-0.715969565,1.20443877,2,1.63871618,0
5,4,1.304231385,-0.715969565,1.20443877,2,1.63871618,0
9,3,1.304231385,-0.715969565,1.20443877,2,1.63871618,0
10,4,1.304231385,-0.715969565,1.20443877,2,1.63871618,0
13,4,1.304231385,-0.715969565,1.20443877,2,1.63871618,0
15,4,1.304231385,-0.715969565,1.20443877,2,1.63871618,0
19,4,1.304231385,-0.715969565,1.20443877,2,1.63871618,0
20,3,1.304231385,-0.715969565,1.20443877,2,1.63871618,0
25,4,1.304231385,-0.715969565,1.20443877,2,1.63871618,0
26,4,1.304231385,-0.715969565,1.20443877,2,1.63871618,2.079441542
27,4,1.304231385,-0.715969565,1.20443877,2,1.63871618,0
28,4,1.304231385,-0.715969565,1.20443877,2,1.63871618,0
33,4,1.304231385,-0.715969565,1.20443877,2,1.63871618,0
31,0,1.304231385,-0.715969565,1.20443877,2,1.63871618,8.585225602
32,0,1.304231385,-0.715969565,1.20443877,2,1.63871618,0
34,4,1.304231385,-0.715969565,1.20443877,2,1.63871618,0
35,4,1.304231385,-0.715969565,1.20443877,2,1.63871618,0
38,0,1.304231385,-0.715969565,1.20443877,2,1.63871618,0
39,2,1.304231385,-0.715969565,1.20443877,2,1.63871618,2.197224577
40,2,1.304231385,-0.715969565,1.20443877,2,1.63871618,6.452048954
43,0,1.304231385,-0.715969565,1.20443877,2,1.63871618,0
45,0,1.304231385,-0.715969565,1.20443877,2,1.63871618,0.693147181
46,3,1.304231385,-0.715969565,1.20443877,2,1.63871618,0
47,3,1.304231385,-0.715969565,1.20443877,2,1.63871618,0
50,4,1.304231385,-0.715969565,1.20443877,2,1.63871618,0
51,4,1.304231385,-0.715969565,1.20443877,2,1.63871618,0
52,4,1.304231385,-0.715969565,1.20443877,2,1.63871618,0
54,4,1.304231385,-0.715969565,1.20443877,2,1.63871618,0
55,4,1.304231385,-0.715969565,1.20443877,2,1.63871618,0
58,1,1.304231385,-0.715969565,1.20443877,2,1.63871618,3.951243719
59,1,1.304231385,-0.715969565,1.20443877,2,1.63871618,6.023447593
60,1,1.304231385,-0.715969565,1.20443877,2,1.63871618,0.693147181
66,4,1.304231385,-0.715969565,1.20443877,2,1.63871618,0
69,4,1.304231385,-0.715969565,1.20443877,2,1.63871618,0
1,4,1.304231385,-0.715969565,1.20443877,1,1.63871618,0
2,4,1.304231385,-0.715969565,1.20443877,1,1.63871618,0
9,3,1.304231385,-0.715969565,1.20443877,1,1.63871618,0
11,4,1.304231385,-0.715969565,1.20443877,1,1.63871618,0
13,4,1.304231385,-0.715969565,1.20443877,1,1.63871618,0
14,4,1.304231385,-0.715969565,1.20443877,1,1.63871618,0
15,4,1.304231385,-0.715969565,1.20443877,1,1.63871618,0
20,3,1.304231385,-0.715969565,1.20443877,1,1.63871618,0
26,4,1.304231385,-0.715969565,1.20443877,1,1.63871618,0
33,4,1.304231385,-0.715969565,1.20443877,1,1.63871618,0
31,0,1.304231385,-0.715969565,1.20443877,1,1.63871618,0
36,4,1.304231385,-0.715969565,1.20443877,1,1.63871618,0
38,0,1.304231385,-0.715969565,1.20443877,1,1.63871618,0
39,2,1.304231385,-0.715969565,1.20443877,1,1.63871618,0
40,2,1.304231385,-0.715969565,1.20443877,1,1.63871618,0
43,0,1.304231385,-0.715969565,1.20443877,1,1.63871618,0
0,4,1.304231385,-0.715969565,1.20443877,0,1.63871618,0
1,4,1.304231385,-0.715969565,1.20443877,0,1.63871618,0
2,4,1.304231385,-0.715969565,1.20443877,0,1.63871618,0
4,4,1.304231385,-0.715969565,1.20443877,0,1.63871618,0
5,4,1.304231385,-0.715969565,1.20443877,0,1.63871618,0
9,3,1.304231385,-0.715969565,1.20443877,0,1.63871618,3.80666249
10,4,1.304231385,-0.715969565,1.20443877,0,1.63871618,0
12,4,1.304231385,-0.715969565,1.20443877,0,1.63871618,0
13,4,1.304231385,-0.715969565,1.20443877,0,1.63871618,0
14,4,1.304231385,-0.715969565,1.20443877,0,1.63871618,0
15,4,1.304231385,-0.715969565,1.20443877,0,1.63871618,0
16,4,1.304231385,-0.715969565,1.20443877,0,1.63871618,0
19,4,1.304231385,-0.715969565,1.20443877,0,1.63871618,0
18,1,1.304231385,-0.715969565,1.20443877,0,1.63871618,5.826000107
17,1,1.304231385,-0.715969565,1.20443877,0,1.63871618,4.997212274
22,4,1.304231385,-0.715969565,1.20443877,0,1.63871618,0
23,4,1.304231385,-0.715969565,1.20443877,0,1.63871618,0
25,4,1.304231385,-0.715969565,1.20443877,0,1.63871618,1.609437912
26,4,1.304231385,-0.715969565,1.20443877,0,1.63871618,3.951243719
27,4,1.304231385,-0.715969565,1.20443877,0,1.63871618,0
31,0,1.304231385,-0.715969565,1.20443877,0,1.63871618,9.821355163
32,0,1.304231385,-0.715969565,1.20443877,0,1.63871618,0
35,4,1.304231385,-0.715969565,1.20443877,0,1.63871618,0
38,0,1.304231385,-0.715969565,1.20443877,0,1.63871618,6.37502482
39,2,1.304231385,-0.715969565,1.20443877,0,1.63871618,4.406719247
40,2,1.304231385,-0.715969565,1.20443877,0,1.63871618,7.118826249
45,0,1.304231385,-0.715969565,1.20443877,0,1.63871618,0
46,3,1.304231385,-0.715969565,1.20443877,0,1.63871618,0
47,3,1.304231385,-0.715969565,1.20443877,0,1.63871618,0
51,4,1.304231385,-0.715969565,1.20443877,0,1.63871618,0
56,4,1.304231385,-0.715969565,1.20443877,0,1.63871618,0
58,1,1.304231385,-0.715969565,1.20443877,0,1.63871618,5.361292166
59,1,1.304231385,-0.715969565,1.20443877,0,1.63871618,5.463831805
61,4,1.304231385,-0.715969565,1.20443877,0,1.63871618,0
63,4,1.304231385,-0.715969565,1.20443877,0,1.63871618,0
65,4,1.304231385,-0.715969565,1.20443877,0,1.63871618,0
66,4,1.304231385,-0.715969565,1.20443877,0,1.63871618,0
71,4,1.304231385,-0.715969565,1.20443877,0,1.63871618,0
1,4,1.304231385,-0.715969565,1.20443877,1,1.63871618,0
2,4,1.304231385,-0.715969565,1.20443877,1,1.63871618,0
9,3,1.304231385,-0.715969565,1.20443877,1,1.63871618,0
13,4,1.304231385,-0.715969565,1.20443877,1,1.63871618,0
15,4,1.304231385,-0.715969565,1.20443877,1,1.63871618,0
19,4,1.304231385,-0.715969565,1.20443877,1,1.63871618,0
22,4,1.304231385,-0.715969565,1.20443877,1,1.63871618,0
24,4,1.304231385,-0.715969565,1.20443877,1,1.63871618,0
26,4,1.304231385,-0.715969565,1.20443877,1,1.63871618,0
33,4,1.304231385,-0.715969565,1.20443877,1,1.63871618,0
31,0,1.304231385,-0.715969565,1.20443877,1,1.63871618,1.945910149
35,4,1.304231385,-0.715969565,1.20443877,1,1.63871618,0
39,2,1.304231385,-0.715969565,1.20443877,1,1.63871618,0
40,2,1.304231385,-0.715969565,1.20443877,1,1.63871618,1.098612289
58,1,1.304231385,-0.715969565,1.20443877,1,1.63871618,0
59,1,1.304231385,-0.715969565,1.20443877,1,1.63871618,1.386294361
63,4,1.304231385,-0.715969565,1.20443877,1,1.63871618,0
2,4,1.304231385,-0.715969565,1.20443877,1,1.63871618,0
9,3,1.304231385,-0.715969565,1.20443877,1,1.63871618,0
11,4,1.304231385,-0.715969565,1.20443877,1,1.63871618,0
13,4,1.304231385,-0.715969565,1.20443877,1,1.63871618,0
14,4,1.304231385,-0.715969565,1.20443877,1,1.63871618,0
16,4,1.304231385,-0.715969565,1.20443877,1,1.63871618,0
20,3,1.304231385,-0.715969565,1.20443877,1,1.63871618,0
21,4,1.304231385,-0.715969565,1.20443877,1,1.63871618,0
22,4,1.304231385,-0.715969565,1.20443877,1,1.63871618,0
24,4,1.304231385,-0.715969565,1.20443877,1,1.63871618,0
26,4,1.304231385,-0.715969565,1.20443877,1,1.63871618,0
33,4,1.304231385,-0.715969565,1.20443877,1,1.63871618,0
31,0,1.304231385,-0.715969565,1.20443877,1,1.63871618,0
38,0,1.304231385,-0.715969565,1.20443877,1,1.63871618,0
39,2,1.304231385,-0.715969565,1.20443877,1,1.63871618,0
40,2,1.304231385,-0.715969565,1.20443877,1,1.63871618,1.386294361
46,3,1.304231385,-0.715969565,1.20443877,1,1.63871618,0
51,4,1.304231385,-0.715969565,1.20443877,1,1.63871618,0
59,1,1.304231385,-0.715969565,1.20443877,1,1.63871618,0
63,4,1.304231385,-0.715969565,1.20443877,1,1.63871618,0
64,4,1.304231385,-0.715969565,1.20443877,1,1.63871618,0
66,4,1.304231385,-0.715969565,1.20443877,1,1.63871618,0
11,4,1.304231385,-0.715969565,1.20443877,1,1.63871618,0
13,4,1.304231385,-0.715969565,1.20443877,1,1.63871618,0
16,4,1.304231385,-0.715969565,1.20443877,1,1.63871618,0
19,4,1.304231385,-0.715969565,1.20443877,1,1.63871618,0
18,1,1.304231385,-0.715969565,1.20443877,1,1.63871618,0.693147181
26,4,1.304231385,-0.715969565,1.20443877,1,1.63871618,0
31,0,1.304231385,-0.715969565,1.20443877,1,1.63871618,2.397895273
38,0,1.304231385,-0.715969565,1.20443877,1,1.63871618,0
40,2,1.304231385,-0.715969565,1.20443877,1,1.63871618,1.098612289
59,1,1.304231385,-0.715969565,1.20443877,1,1.63871618,0
0,4,1.304231385,-0.715969565,1.20443877,1,1.63871618,0
1,4,1.304231385,-0.715969565,1.20443877,1,1.63871618,0
2,4,1.304231385,-0.715969565,1.20443877,1,1.63871618,0
5,4,1.304231385,-0.715969565,1.20443877,1,1.63871618,0
7,4,1.304231385,-0.715969565,1.20443877,1,1.63871618,0
9,3,1.304231385,-0.715969565,1.20443877,1,1.63871618,0
10,4,1.304231385,-0.715969565,1.20443877,1,1.63871618,0
11,4,1.304231385,-0.715969565,1.20443877,1,1.63871618,0
13,4,1.304231385,-0.715969565,1.20443877,1,1.63871618,0
15,4,1.304231385,-0.715969565,1.20443877,1,1.63871618,0
16,4,1.304231385,-0.715969565,1.20443877,1,1.63871618,0
19,4,1.304231385,-0.715969565,1.20443877,1,1.63871618,0
20,3,1.304231385,-0.715969565,1.20443877,1,1.63871618,0
18,1,1.304231385,-0.715969565,1.20443877,1,1.63871618,7.804251384
17,1,1.304231385,-0.715969565,1.20443877,1,1.63871618,4.976733742
22,4,1.304231385,-0.715969565,1.20443877,1,1.63871618,0
23,4,1.304231385,-0.715969565,1.20443877,1,1.63871618,0
25,4,1.304231385,-0.715969565,1.20443877,1,1.63871618,0
26,4,1.304231385,-0.715969565,1.20443877,1,1.63871618,2.833213344
27,4,1.304231385,-0.715969565,1.20443877,1,1.63871618,0
33,4,1.304231385,-0.715969565,1.20443877,1,1.63871618,0
31,0,1.304231385,-0.715969565,1.20443877,1,1.63871618,8.485908901
35,4,1.304231385,-0.715969565,1.20443877,1,1.63871618,0
38,0,1.304231385,-0.715969565,1.20443877,1,1.63871618,2.833213344
39,2,1.304231385,-0.715969565,1.20443877,1,1.63871618,0
40,2,1.304231385,-0.715969565,1.20443877,1,1.63871618,4.927253685
47,3,1.304231385,-0.715969565,1.20443877,1,1.63871618,0
50,4,1.304231385,-0.715969565,1.20443877,1,1.63871618,0
58,1,1.304231385,-0.715969565,1.20443877,1,1.63871618,4.343805422
59,1,1.304231385,-0.715969565,1.20443877,1,1.63871618,5.749392986
60,1,1.304231385,-0.715969565,1.20443877,1,1.63871618,0.693147181
63,4,1.304231385,-0.715969565,1.20443877,1,1.63871618,0
64,4,1.304231385,-0.715969565,1.20443877,1,1.63871618,0
65,4,1.304231385,-0.715969565,1.20443877,1,1.63871618,0
66,4,1.304231385,-0.715969565,1.20443877,1,1.63871618,0
2,4,1.304231385,-0.715969565,1.20443877,1,1.63871618,0
9,3,1.304231385,-0.715969565,1.20443877,1,1.63871618,0
13,4,1.304231385,-0.715969565,1.20443877,1,1.63871618,0
16,4,1.304231385,-0.715969565,1.20443877,1,1.63871618,0
19,4,1.304231385,-0.715969565,1.20443877,1,1.63871618,0
20,3,1.304231385,-0.715969565,1.20443877,1,1.63871618,0
26,4,1.304231385,-0.715969565,1.20443877,1,1.63871618,0
30,2,1.304231385,-0.715969565,1.20443877,1,1.63871618,0
31,0,1.304231385,-0.715969565,1.20443877,1,1.63871618,3.583518938
32,0,1.304231385,-0.715969565,1.20443877,1,1.63871618,0
39,2,1.304231385,-0.715969565,1.20443877,1,1.63871618,0
40,2,1.304231385,-0.715969565,1.20443877,1,1.63871618,0
43,0,1.304231385,-0.715969565,1.20443877,1,1.63871618,0
45,0,1.304231385,-0.715969565,1.20443877,1,1.63871618,0
59,1,1.304231385,-0.715969565,1.20443877,1,1.63871618,0
1,4,1.304231385,-0.715969565,1.20443877,1,1.63871618,0
2,4,1.304231385,-0.715969565,1.20443877,1,1.63871618,0
9,3,1.304231385,-0.715969565,1.20443877,1,1.63871618,0
13,4,1.304231385,-0.715969565,1.20443877,1,1.63871618,0
16,4,1.304231385,-0.715969565,1.20443877,1,1.63871618,0
26,4,1.304231385,-0.715969565,1.20443877,1,1.63871618,0
33,4,1.304231385,-0.715969565,1.20443877,1,1.63871618,0
31,0,1.304231385,-0.715969565,1.20443877,1,1.63871618,0.693147181
32,0,1.304231385,-0.715969565,1.20443877,1,1.63871618,0
39,2,1.304231385,-0.715969565,1.20443877,1,1.63871618,0
40,2,1.304231385,-0.715969565,1.20443877,1,1.63871618,0.693147181
43,0,1.304231385,-0.715969565,1.20443877,1,1.63871618,0
58,1,1.304231385,-0.715969565,1.20443877,1,1.63871618,0
59,1,1.304231385,-0.715969565,1.20443877,1,1.63871618,0
66,4,1.304231385,-0.715969565,1.20443877,1,1.63871618,0
0,4,1.304231385,-0.715969565,1.20443877,1,1.63871618,0
1,4,1.304231385,-0.715969565,1.20443877,1,1.63871618,0
2,4,1.304231385,-0.715969565,1.20443877,1,1.63871618,0
5,4,1.304231385,-0.715969565,1.20443877,1,1.63871618,0
6,4,1.304231385,-0.715969565,1.20443877,1,1.63871618,0
9,3,1.304231385,-0.715969565,1.20443877,1,1.63871618,0
12,4,1.304231385,-0.715969565,1.20443877,1,1.63871618,0
13,4,1.304231385,-0.715969565,1.20443877,1,1.63871618,0
15,4,1.304231385,-0.715969565,1.20443877,1,1.63871618,0
19,4,1.304231385,-0.715969565,1.20443877,1,1.63871618,0
20,3,1.304231385,-0.715969565,1.20443877,1,1.63871618,0
18,1,1.304231385,-0.715969565,1.20443877,1,1.63871618,5.613128106
17,1,1.304231385,-0.715969565,1.20443877,1,1.63871618,4.356708827
22,4,1.304231385,-0.715969565,1.20443877,1,1.63871618,0
24,4,1.304231385,-0.715969565,1.20443877,1,1.63871618,0
25,4,1.304231385,-0.715969565,1.20443877,1,1.63871618,0
26,4,1.304231385,-0.715969565,1.20443877,1,1.63871618,2.397895273
27,4,1.304231385,-0.715969565,1.20443877,1,1.63871618,0
28,4,1.304231385,-0.715969565,1.20443877,1,1.63871618,0
33,4,1.304231385,-0.715969565,1.20443877,1,1.63871618,0
31,0,1.304231385,-0.715969565,1.20443877,1,1.63871618,8.3423635
32,0,1.304231385,-0.715969565,1.20443877,1,1.63871618,0.693147181
36,4,1.304231385,-0.715969565,1.20443877,1,1.63871618,0
38,0,1.304231385,-0.715969565,1.20443877,1,1.63871618,4.094344562
39,2,1.304231385,-0.715969565,1.20443877,1,1.63871618,2.197224577
40,2,1.304231385,-0.715969565,1.20443877,1,1.63871618,5.135798437
43,0,1.304231385,-0.715969565,1.20443877,1,1.63871618,0
45,0,1.304231385,-0.715969565,1.20443877,1,1.63871618,4.48863637
46,3,1.304231385,-0.715969565,1.20443877,1,1.63871618,0
47,3,1.304231385,-0.715969565,1.20443877,1,1.63871618,0
50,4,1.304231385,-0.715969565,1.20443877,1,1.63871618,0
54,4,1.304231385,-0.715969565,1.20443877,1,1.63871618,0
55,4,1.304231385,-0.715969565,1.20443877,1,1.63871618,0
57,4,1.304231385,-0.715969565,1.20443877,1,1.63871618,0
58,1,1.304231385,-0.715969565,1.20443877,1,1.63871618,4.553876892
59,1,1.304231385,-0.715969565,1.20443877,1,1.63871618,4.543294782
63,4,1.304231385,-0.715969565,1.20443877,1,1.63871618,0
64,4,1.304231385,-0.715969565,1.20443877,1,1.63871618,0
66,4,1.304231385,-0.715969565,1.20443877,1,1.63871618,0
0,4,1.304231385,-0.715969565,1.20443877,2,1.63871618,0
1,4,1.304231385,-0.715969565,1.20443877,2,1.63871618,0
2,4,1.304231385,-0.715969565,1.20443877,2,1.63871618,0
5,4,1.304231385,-0.715969565,1.20443877,2,1.63871618,0
9,3,1.304231385,-0.715969565,1.20443877,2,1.63871618,0
10,4,1.304231385,-0.715969565,1.20443877,2,1.63871618,0
13,4,1.304231385,-0.715969565,1.20443877,2,1.63871618,0
15,4,1.304231385,-0.715969565,1.20443877,2,1.63871618,0
19,4,1.304231385,-0.715969565,1.20443877,2,1.63871618,0
18,1,1.304231385,-0.715969565,1.20443877,2,1.63871618,7.20489251
17,1,1.304231385,-0.715969565,1.20443877,2,1.63871618,4.8978398
24,4,1.304231385,-0.715969565,1.20443877,2,1.63871618,0
26,4,1.304231385,-0.715969565,1.20443877,2,1.63871618,1.609437912
27,4,1.304231385,-0.715969565,1.20443877,2,1.63871618,0
33,4,1.304231385,-0.715969565,1.20443877,2,1.63871618,0
31,0,1.304231385,-0.715969565,1.20443877,2,1.63871618,7.031741259
32,0,1.304231385,-0.715969565,1.20443877,2,1.63871618,0
38,0,1.304231385,-0.715969565,1.20443877,2,1.63871618,1.791759469
39,2,1.304231385,-0.715969565,1.20443877,2,1.63871618,0
40,2,1.304231385,-0.715969565,1.20443877,2,1.63871618,4.859812404
43,0,1.304231385,-0.715969565,1.20443877,2,1.63871618,0
45,0,1.304231385,-0.715969565,1.20443877,2,1.63871618,3.891820298
47,3,1.304231385,-0.715969565,1.20443877,2,1.63871618,0
50,4,1.304231385,-0.715969565,1.20443877,2,1.63871618,0.693147181
58,1,1.304231385,-0.715969565,1.20443877,2,1.63871618,3.218875825
59,1,1.304231385,-0.715969565,1.20443877,2,1.63871618,4.990432587
63,4,1.304231385,-0.715969565,1.20443877,2,1.63871618,0
1,4,1.304231385,-0.715969565,1.20443877,1,1.63871618,0
2,4,1.304231385,-0.715969565,1.20443877,1,1.63871618,0
3,4,1.304231385,-0.715969565,1.20443877,1,1.63871618,0
9,3,1.304231385,-0.715969565,1.20443877,1,1.63871618,0
13,4,1.304231385,-0.715969565,1.20443877,1,1.63871618,0
20,3,1.304231385,-0.715969565,1.20443877,1,1.63871618,0
17,1,1.304231385,-0.715969565,1.20443877,1,1.63871618,0.693147181
26,4,1.304231385,-0.715969565,1.20443877,1,1.63871618,0
33,4,1.304231385,-0.715969565,1.20443877,1,1.63871618,0
31,0,1.304231385,-0.715969565,1.20443877,1,1.63871618,5.272999559
38,0,1.304231385,-0.715969565,1.20443877,1,1.63871618,0
39,2,1.304231385,-0.715969565,1.20443877,1,1.63871618,0
40,2,1.304231385,-0.715969565,1.20443877,1,1.63871618,2.48490665
45,0,1.304231385,-0.715969565,1.20443877,1,1.63871618,0
46,3,1.304231385,-0.715969565,1.20443877,1,1.63871618,0
47,3,1.304231385,-0.715969565,1.20443877,1,1.63871618,0
58,1,1.304231385,-0.715969565,1.20443877,1,1.63871618,0
59,1,1.304231385,-0.715969565,1.20443877,1,1.63871618,1.791759469
0,4,1.304231385,-0.715969565,1.20443877,2,1.63871618,0
1,4,1.304231385,-0.715969565,1.20443877,2,1.63871618,0
2,4,1.304231385,-0.715969565,1.20443877,2,1.63871618,0
3,4,1.304231385,-0.715969565,1.20443877,2,1.63871618,0
5,4,1.304231385,-0.715969565,1.20443877,2,1.63871618,0
9,3,1.304231385,-0.715969565,1.20443877,2,1.63871618,0
10,4,1.304231385,-0.715969565,1.20443877,2,1.63871618,0
12,4,1.304231385,-0.715969565,1.20443877,2,1.63871618,0
13,4,1.304231385,-0.715969565,1.20443877,2,1.63871618,0
15,4,1.304231385,-0.715969565,1.20443877,2,1.63871618,0
16,4,1.304231385,-0.715969565,1.20443877,2,1.63871618,0
19,4,1.304231385,-0.715969565,1.20443877,2,1.63871618,0
20,3,1.304231385,-0.715969565,1.20443877,2,1.63871618,0
18,1,1.304231385,-0.715969565,1.20443877,2,1.63871618,7.744136628
17,1,1.304231385,-0.715969565,1.20443877,2,1.63871618,6.208590026
22,4,1.304231385,-0.715969565,1.20443877,2,1.63871618,0
23,4,1.304231385,-0.715969565,1.20443877,2,1.63871618,0
25,4,1.304231385,-0.715969565,1.20443877,2,1.63871618,0
26,4,1.304231385,-0.715969565,1.20443877,2,1.63871618,2.833213344
27,4,1.304231385,-0.715969565,1.20443877,2,1.63871618,0
33,4,1.304231385,-0.715969565,1.20443877,2,1.63871618,0
31,0,1.304231385,-0.715969565,1.20443877,2,1.63871618,8.929037906
32,0,1.304231385,-0.715969565,1.20443877,2,1.63871618,1.609437912
35,4,1.304231385,-0.715969565,1.20443877,2,1.63871618,0
38,0,1.304231385,-0.715969565,1.20443877,2,1.63871618,4.49980967
39,2,1.304231385,-0.715969565,1.20443877,2,1.63871618,1.945910149
40,2,1.304231385,-0.715969565,1.20443877,2,1.63871618,6.280395839
43,0,1.304231385,-0.715969565,1.20443877,2,1.63871618,0
45,0,1.304231385,-0.715969565,1.20443877,2,1.63871618,4.644390899
46,3,1.304231385,-0.715969565,1.20443877,2,1.63871618,0
47,3,1.304231385,-0.715969565,1.20443877,2,1.63871618,0
50,4,1.304231385,-0.715969565,1.20443877,2,1.63871618,0
54,4,1.304231385,-0.715969565,1.20443877,2,1.63871618,0
55,4,1.304231385,-0.715969565,1.20443877,2,1.63871618,0
58,1,1.304231385,-0.715969565,1.20443877,2,1.63871618,4.624972813
59,1,1.304231385,-0.715969565,1.20443877,2,1.63871618,4.997212274
64,4,1.304231385,-0.715969565,1.20443877,2,1.63871618,0
69,4,1.304231385,-0.715969565,1.20443877,2,1.63871618,0
70,4,1.304231385,-0.715969565,1.20443877,2,1.63871618,0
71,4,1.304231385,-0.715969565,1.20443877,2,1.63871618,0
2,4,1.304231385,-0.715969565,1.20443877,1,1.63871618,0
9,3,1.304231385,-0.715969565,1.20443877,1,1.63871618,0
26,4,1.304231385,-0.715969565,1.20443877,1,1.63871618,0
30,2,1.304231385,-0.715969565,1.20443877,1,1.63871618,0
33,4,1.304231385,-0.715969565,1.20443877,1,1.63871618,0
31,0,1.304231385,-0.715969565,1.20443877,1,1.63871618,0
39,2,1.304231385,-0.715969565,1.20443877,1,1.63871618,0
40,2,1.304231385,-0.715969565,1.20443877,1,1.63871618,0
43,0,1.304231385,-0.715969565,1.20443877,1,1.63871618,0
45,0,1.304231385,-0.715969565,1.20443877,1,1.63871618,0
47,3,1.304231385,-0.715969565,1.20443877,1,1.63871618,0
0,4,1.304231385,-0.715969565,1.20443877,0,1.63871618,0
1,4,1.304231385,-0.715969565,1.20443877,0,1.63871618,0
2,4,1.304231385,-0.715969565,1.20443877,0,1.63871618,0
5,4,1.304231385,-0.715969565,1.20443877,0,1.63871618,0
9,3,1.304231385,-0.715969565,1.20443877,0,1.63871618,0
13,4,1.304231385,-0.715969565,1.20443877,0,1.63871618,0
15,4,1.304231385,-0.715969565,1.20443877,0,1.63871618,0
19,4,1.304231385,-0.715969565,1.20443877,0,1.63871618,0
20,3,1.304231385,-0.715969565,1.20443877,0,1.63871618,0
17,1,1.304231385,-0.715969565,1.20443877,0,1.63871618,4.770684624
23,4,1.304231385,-0.715969565,1.20443877,0,1.63871618,0
26,4,1.304231385,-0.715969565,1.20443877,0,1.63871618,3.663561646
27,4,1.304231385,-0.715969565,1.20443877,0,1.63871618,0
33,4,1.304231385,-0.715969565,1.20443877,0,1.63871618,0
31,0,1.304231385,-0.715969565,1.20443877,0,1.63871618,8.828054537
32,0,1.304231385,-0.715969565,1.20443877,0,1.63871618,0
38,0,1.304231385,-0.715969565,1.20443877,0,1.63871618,4.356708827
39,2,1.304231385,-0.715969565,1.20443877,0,1.63871618,4.025351691
40,2,1.304231385,-0.715969565,1.20443877,0,1.63871618,6.300785795
45,0,1.304231385,-0.715969565,1.20443877,0,1.63871618,5.288267031
46,3,1.304231385,-0.715969565,1.20443877,0,1.63871618,2.302585093
47,3,1.304231385,-0.715969565,1.20443877,0,1.63871618,0
50,4,1.304231385,-0.715969565,1.20443877,0,1.63871618,2.079441542
51,4,1.304231385,-0.715969565,1.20443877,0,1.63871618,0
54,4,1.304231385,-0.715969565,1.20443877,0,1.63871618,0
58,1,1.304231385,-0.715969565,1.20443877,0,1.63871618,5.313205979
59,1,1.304231385,-0.715969565,1.20443877,0,1.63871618,3.465735903
60,1,1.304231385,-0.715969565,1.20443877,0,1.63871618,1.609437912
63,4,1.304231385,-0.715969565,1.20443877,0,1.63871618,0
69,4,1.304231385,-0.715969565,1.20443877,0,1.63871618,0
0,4,1.304231385,-0.715969565,1.20443877,1,1.63871618,0
1,4,1.304231385,-0.715969565,1.20443877,1,1.63871618,0
2,4,1.304231385,-0.715969565,1.20443877,1,1.63871618,0
5,4,1.304231385,-0.715969565,1.20443877,1,1.63871618,0
9,3,1.304231385,-0.715969565,1.20443877,1,1.63871618,3.713572067
10,4,1.304231385,-0.715969565,1.20443877,1,1.63871618,0
11,4,1.304231385,-0.715969565,1.20443877,1,1.63871618,0
12,4,1.304231385,-0.715969565,1.20443877,1,1.63871618,0
13,4,1.304231385,-0.715969565,1.20443877,1,1.63871618,0
15,4,1.304231385,-0.715969565,1.20443877,1,1.63871618,0
16,4,1.304231385,-0.715969565,1.20443877,1,1.63871618,0
18,1,1.304231385,-0.715969565,1.20443877,1,1.63871618,8.236155662
17,1,1.304231385,-0.715969565,1.20443877,1,1.63871618,5.192956851
22,4,1.304231385,-0.715969565,1.20443877,1,1.63871618,0
24,4,1.304231385,-0.715969565,1.20443877,1,1.63871618,0
26,4,1.304231385,-0.715969565,1.20443877,1,1.63871618,1.386294361
33,4,1.304231385,-0.715969565,1.20443877,1,1.63871618,0
31,0,1.304231385,-0.715969565,1.20443877,1,1.63871618,5.501258211
32,0,1.304231385,-0.715969565,1.20443877,1,1.63871618,0
38,0,1.304231385,-0.715969565,1.20443877,1,1.63871618,0
39,2,1.304231385,-0.715969565,1.20443877,1,1.63871618,0
40,2,1.304231385,-0.715969565,1.20443877,1,1.63871618,3.295836866
46,3,1.304231385,-0.715969565,1.20443877,1,1.63871618,0
51,4,1.304231385,-0.715969565,1.20443877,1,1.63871618,0
58,1,1.304231385,-0.715969565,1.20443877,1,1.63871618,2.995732274
59,1,1.304231385,-0.715969565,1.20443877,1,1.63871618,6.320768294
63,4,1.304231385,-0.715969565,1.20443877,1,1.63871618,0
65,4,1.304231385,-0.715969565,1.20443877,1,1.63871618,0
66,4,1.304231385,-0.715969565,1.20443877,1,1.63871618,0
70,4,1.304231385,-0.715969565,1.20443877,1,1.63871618,0
2,4,1.304231385,-0.715969565,1.20443877,1,1.63871618,0
9,3,1.304231385,-0.715969565,1.20443877,1,1.63871618,0
10,4,1.304231385,-0.715969565,1.20443877,1,1.63871618,0
13,4,1.304231385,-0.715969565,1.20443877,1,1.63871618,0
15,4,1.304231385,-0.715969565,1.20443877,1,1.63871618,0
19,4,1.304231385,-0.715969565,1.20443877,1,1.63871618,0
18,1,1.304231385,-0.715969565,1.20443877,1,1.63871618,5.375278408
21,4,1.304231385,-0.715969565,1.20443877,1,1.63871618,0
26,4,1.304231385,-0.715969565,1.20443877,1,1.63871618,0
33,4,1.304231385,-0.715969565,1.20443877,1,1.63871618,0
31,0,1.304231385,-0.715969565,1.20443877,1,1.63871618,2.397895273
39,2,1.304231385,-0.715969565,1.20443877,1,1.63871618,0
40,2,1.304231385,-0.715969565,1.20443877,1,1.63871618,1.098612289
45,0,1.304231385,-0.715969565,1.20443877,1,1.63871618,0.693147181
58,1,1.304231385,-0.715969565,1.20443877,1,1.63871618,0.693147181
59,1,1.304231385,-0.715969565,1.20443877,1,1.63871618,6.295266001
63,4,1.304231385,-0.715969565,1.20443877,1,1.63871618,0
0,4,1.304231385,-0.715969565,1.20443877,1,1.63871618,0
1,4,1.304231385,-0.715969565,1.20443877,1,1.63871618,0
2,4,1.304231385,-0.715969565,1.20443877,1,1.63871618,0
5,4,1.304231385,-0.715969565,1.20443877,1,1.63871618,0
9,3,1.304231385,-0.715969565,1.20443877,1,1.63871618,0
13,4,1.304231385,-0.715969565,1.20443877,1,1.63871618,0
20,3,1.304231385,-0.715969565,1.20443877,1,1.63871618,0
18,1,1.304231385,-0.715969565,1.20443877,1,1.63871618,6.692083743
17,1,1.304231385,-0.715969565,1.20443877,1,1.63871618,3.663561646
26,4,1.304231385,-0.715969565,1.20443877,1,1.63871618,0
33,4,1.304231385,-0.715969565,1.20443877,1,1.63871618,0
31,0,1.304231385,-0.715969565,1.20443877,1,1.63871618,6.440946541
32,0,1.304231385,-0.715969565,1.20443877,1,1.63871618,0
38,0,1.304231385,-0.715969565,1.20443877,1,1.63871618,0
39,2,1.304231385,-0.715969565,1.20443877,1,1.63871618,0
40,2,1.304231385,-0.715969565,1.20443877,1,1.63871618,3.871201011
43,0,1.304231385,-0.715969565,1.20443877,1,1.63871618,0
45,0,1.304231385,-0.715969565,1.20443877,1,1.63871618,0
46,3,1.304231385,-0.715969565,1.20443877,1,1.63871618,0
47,3,1.304231385,-0.715969565,1.20443877,1,1.63871618,0
58,1,1.304231385,-0.715969565,1.20443877,1,1.63871618,2.079441542
59,1,1.304231385,-0.715969565,1.20443877,1,1.63871618,4.8978398
63,4,1.304231385,-0.715969565,1.20443877,1,1.63871618,0
66,4,1.304231385,-0.715969565,1.20443877,1,1.63871618,0
0,4,1.304231385,-0.715969565,1.20443877,2,1.63871618,0
1,4,1.304231385,-0.715969565,1.20443877,2,1.63871618,0
2,4,1.304231385,-0.715969565,1.20443877,2,1.63871618,0
5,4,1.304231385,-0.715969565,1.20443877,2,1.63871618,0
7,4,1.304231385,-0.715969565,1.20443877,2,1.63871618,0
9,3,1.304231385,-0.715969565,1.20443877,2,1.63871618,0
10,4,1.304231385,-0.715969565,1.20443877,2,1.63871618,0
11,4,1.304231385,-0.715969565,1.20443877,2,1.63871618,0
12,4,1.304231385,-0.715969565,1.20443877,2,1.63871618,0
13,4,1.304231385,-0.715969565,1.20443877,2,1.63871618,0
15,4,1.304231385,-0.715969565,1.20443877,2,1.63871618,0
16,4,1.304231385,-0.715969565,1.20443877,2,1.63871618,0
19,4,1.304231385,-0.715969565,1.20443877,2,1.63871618,0
20,3,1.304231385,-0.715969565,1.20443877,2,1.63871618,0
18,1,1.304231385,-0.715969565,1.20443877,2,1.63871618,6.135564891
17,1,1.304231385,-0.715969565,1.20443877,2,1.63871618,1.386294361
22,4,1.304231385,-0.715969565,1.20443877,2,1.63871618,0
26,4,1.304231385,-0.715969565,1.20443877,2,1.63871618,2.833213344
30,2,1.304231385,-0.715969565,1.20443877,2,1.63871618,2.708050201
33,4,1.304231385,-0.715969565,1.20443877,2,1.63871618,0
31,0,1.304231385,-0.715969565,1.20443877,2,1.63871618,6.908754779
32,0,1.304231385,-0.715969565,1.20443877,2,1.63871618,0
35,4,1.304231385,-0.715969565,1.20443877,2,1.63871618,0
38,0,1.304231385,-0.715969565,1.20443877,2,1.63871618,0
39,2,1.304231385,-0.715969565,1.20443877,2,1.63871618,4.454347296
40,2,1.304231385,-0.715969565,1.20443877,2,1.63871618,5.257495372
45,0,1.304231385,-0.715969565,1.20443877,2,1.63871618,2.079441542
46,3,1.304231385,-0.715969565,1.20443877,2,1.63871618,0
47,3,1.304231385,-0.715969565,1.20443877,2,1.63871618,0
50,4,1.304231385,-0.715969565,1.20443877,2,1.63871618,0
58,1,1.304231385,-0.715969565,1.20443877,2,1.63871618,4.17438727
59,1,1.304231385,-0.715969565,1.20443877,2,1.63871618,4.941642423
63,4,1.304231385,-0.715969565,1.20443877,2,1.63871618,0
66,4,1.304231385,-0.715969565,1.20443877,2,1.63871618,0
0,4,1.304231385,-0.715969565,1.20443877,1,1.63871618,0
1,4,1.304231385,-0.715969565,1.20443877,1,1.63871618,0
2,4,1.304231385,-0.715969565,1.20443877,1,1.63871618,0
5,4,1.304231385,-0.715969565,1.20443877,1,1.63871618,0
9,3,1.304231385,-0.715969565,1.20443877,1,1.63871618,0
10,4,1.304231385,-0.715969565,1.20443877,1,1.63871618,0
12,4,1.304231385,-0.715969565,1.20443877,1,1.63871618,0
13,4,1.304231385,-0.715969565,1.20443877,1,1.63871618,0
14,4,1.304231385,-0.715969565,1.20443877,1,1.63871618,0
15,4,1.304231385,-0.715969565,1.20443877,1,1.63871618,0
16,4,1.304231385,-0.715969565,1.20443877,1,1.63871618,0
19,4,1.304231385,-0.715969565,1.20443877,1,1.63871618,0
20,3,1.304231385,-0.715969565,1.20443877,1,1.63871618,0
18,1,1.304231385,-0.715969565,1.20443877,1,1.63871618,9.769441742
17,1,1.304231385,-0.715969565,1.20443877,1,1.63871618,7.119635638
24,4,1.304231385,-0.715969565,1.20443877,1,1.63871618,0
26,4,1.304231385,-0.715969565,1.20443877,1,1.63871618,2.397895273
27,4,1.304231385,-0.715969565,1.20443877,1,1.63871618,0
28,4,1.304231385,-0.715969565,1.20443877,1,1.63871618,0
33,4,1.304231385,-0.715969565,1.20443877,1,1.63871618,0
31,0,1.304231385,-0.715969565,1.20443877,1,1.63871618,8.570165076
32,0,1.304231385,-0.715969565,1.20443877,1,1.63871618,0
35,4,1.304231385,-0.715969565,1.20443877,1,1.63871618,0
38,0,1.304231385,-0.715969565,1.20443877,1,1.63871618,0.693147181
39,2,1.304231385,-0.715969565,1.20443877,1,1.63871618,2.708050201
40,2,1.304231385,-0.715969565,1.20443877,1,1.63871618,6.070737728
45,0,1.304231385,-0.715969565,1.20443877,1,1.63871618,4.025351691
46,3,1.304231385,-0.715969565,1.20443877,1,1.63871618,0
47,3,1.304231385,-0.715969565,1.20443877,1,1.63871618,0
58,1,1.304231385,-0.715969565,1.20443877,1,1.63871618,4.356708827
59,1,1.304231385,-0.715969565,1.20443877,1,1.63871618,7.750184162
60,1,1.304231385,-0.715969565,1.20443877,1,1.63871618,0
63,4,1.304231385,-0.715969565,1.20443877,1,1.63871618,0
65,4,1.304231385,-0.715969565,1.20443877,1,1.63871618,0
66,4,1.304231385,-0.715969565,1.20443877,1,1.63871618,0
69,4,1.304231385,-0.715969565,1.20443877,1,1.63871618,0
70,4,1.304231385,-0.715969565,1.20443877,1,1.63871618,0
0,4,1.304231385,-0.715969565,1.20443877,1,1.63871618,0
1,4,1.304231385,-0.715969565,1.20443877,1,1.63871618,0
2,4,1.304231385,-0.715969565,1.20443877,1,1.63871618,0
5,4,1.304231385,-0.715969565,1.20443877,1,1.63871618,0
9,3,1.304231385,-0.715969565,1.20443877,1,1.63871618,0
13,4,1.304231385,-0.715969565,1.20443877,1,1.63871618,0
16,4,1.304231385,-0.715969565,1.20443877,1,1.63871618,0
18,1,1.304231385,-0.715969565,1.20443877,1,1.63871618,8.775549434
17,1,1.304231385,-0.715969565,1.20443877,1,1.63871618,4.33073334
26,4,1.304231385,-0.715969565,1.20443877,1,1.63871618,0.693147181
27,4,1.304231385,-0.715969565,1.20443877,1,1.63871618,0
33,4,1.304231385,-0.715969565,1.20443877,1,1.63871618,0
31,0,1.304231385,-0.715969565,1.20443877,1,1.63871618,7.473069088
32,0,1.304231385,-0.715969565,1.20443877,1,1.63871618,1.098612289
38,0,1.304231385,-0.715969565,1.20443877,1,1.63871618,0
39,2,1.304231385,-0.715969565,1.20443877,1,1.63871618,0
40,2,1.304231385,-0.715969565,1.20443877,1,1.63871618,3.931825633
45,0,1.304231385,-0.715969565,1.20443877,1,1.63871618,1.609437912
46,3,1.304231385,-0.715969565,1.20443877,1,1.63871618,0
47,3,1.304231385,-0.715969565,1.20443877,1,1.63871618,0
58,1,1.304231385,-0.715969565,1.20443877,1,1.63871618,4.406719247
59,1,1.304231385,-0.715969565,1.20443877,1,1.63871618,6.224558429
63,4,1.304231385,-0.715969565,1.20443877,1,1.63871618,0
65,4,1.304231385,-0.715969565,1.20443877,1,1.63871618,0
66,4,1.304231385,-0.715969565,1.20443877,1,1.63871618,0
0,4,1.304231385,-0.715969565,1.20443877,1,1.63871618,0.693147181
1,4,1.304231385,-0.715969565,1.20443877,1,1.63871618,0
2,4,1.304231385,-0.715969565,1.20443877,1,1.63871618,0
3,4,1.304231385,-0.715969565,1.20443877,1,1.63871618,0
5,4,1.304231385,-0.715969565,1.20443877,1,1.63871618,0
9,3,1.304231385,-0.715969565,1.20443877,1,1.63871618,0
13,4,1.304231385,-0.715969565,1.20443877,1,1.63871618,0
15,4,1.304231385,-0.715969565,1.20443877,1,1.63871618,0
19,4,1.304231385,-0.715969565,1.20443877,1,1.63871618,0
20,3,1.304231385,-0.715969565,1.20443877,1,1.63871618,0
18,1,1.304231385,-0.715969565,1.20443877,1,1.63871618,6.668228248
17,1,1.304231385,-0.715969565,1.20443877,1,1.63871618,4.744932128
22,4,1.304231385,-0.715969565,1.20443877,1,1.63871618,0
24,4,1.304231385,-0.715969565,1.20443877,1,1.63871618,0
26,4,1.304231385,-0.715969565,1.20443877,1,1.63871618,1.098612289
27,4,1.304231385,-0.715969565,1.20443877,1,1.63871618,0
28,4,1.304231385,-0.715969565,1.20443877,1,1.63871618,0
33,4,1.304231385,-0.715969565,1.20443877,1,1.63871618,0
31,0,1.304231385,-0.715969565,1.20443877,1,1.63871618,8.230310799
38,0,1.304231385,-0.715969565,1.20443877,1,1.63871618,4.859812404
39,2,1.304231385,-0.715969565,1.20443877,1,1.63871618,0
40,2,1.304231385,-0.715969565,1.20443877,1,1.63871618,4.605170186
47,3,1.304231385,-0.715969565,1.20443877,1,1.63871618,0
50,4,1.304231385,-0.715969565,1.20443877,1,1.63871618,0
55,4,1.304231385,-0.715969565,1.20443877,1,1.63871618,0
58,1,1.304231385,-0.715969565,1.20443877,1,1.63871618,4.189654742
59,1,1.304231385,-0.715969565,1.20443877,1,1.63871618,5.916202063
63,4,1.304231385,-0.715969565,1.20443877,1,1.63871618,0
65,4,1.304231385,-0.715969565,1.20443877,1,1.63871618,0
66,4,1.304231385,-0.715969565,1.20443877,1,1.63871618,0
0,4,1.304231385,-0.715969565,1.20443877,1,1.63871618,0
2,4,1.304231385,-0.715969565,1.20443877,1,1.63871618,0
9,3,1.304231385,-0.715969565,1.20443877,1,1.63871618,0
14,4,1.304231385,-0.715969565,1.20443877,1,1.63871618,0
20,3,1.304231385,-0.715969565,1.20443877,1,1.63871618,0
18,1,1.304231385,-0.715969565,1.20443877,1,1.63871618,5.424950017
17,1,1.304231385,-0.715969565,1.20443877,1,1.63871618,4.17438727
26,4,1.304231385,-0.715969565,1.20443877,1,1.63871618,0
31,0,1.304231385,-0.715969565,1.20443877,1,1.63871618,5.488937726
39,2,1.304231385,-0.715969565,1.20443877,1,1.63871618,1.386294361
40,2,1.304231385,-0.715969565,1.20443877,1,1.63871618,4.454347296
47,3,1.304231385,-0.715969565,1.20443877,1,1.63871618,0
58,1,1.304231385,-0.715969565,1.20443877,1,1.63871618,1.791759469
59,1,1.304231385,-0.715969565,1.20443877,1,1.63871618,3.433987204
1,4,1.304231385,-0.715969565,1.20443877,1,1.63871618,0
2,4,1.304231385,-0.715969565,1.20443877,1,1.63871618,0
5,4,1.304231385,-0.715969565,1.20443877,1,1.63871618,0
9,3,1.304231385,-0.715969565,1.20443877,1,1.63871618,0
13,4,1.304231385,-0.715969565,1.20443877,1,1.63871618,0
16,4,1.304231385,-0.715969565,1.20443877,1,1.63871618,0
21,4,1.304231385,-0.715969565,1.20443877,1,1.63871618,0
26,4,1.304231385,-0.715969565,1.20443877,1,1.63871618,0
33,4,1.304231385,-0.715969565,1.20443877,1,1.63871618,0
31,0,1.304231385,-0.715969565,1.20443877,1,1.63871618,2.079441542
32,0,1.304231385,-0.715969565,1.20443877,1,1.63871618,0
38,0,1.304231385,-0.715969565,1.20443877,1,1.63871618,2.197224577
39,2,1.304231385,-0.715969565,1.20443877,1,1.63871618,0.693147181
40,2,1.304231385,-0.715969565,1.20443877,1,1.63871618,1.098612289
45,0,1.304231385,-0.715969565,1.20443877,1,1.63871618,0
46,3,1.304231385,-0.715969565,1.20443877,1,1.63871618,0
58,1,1.304231385,-0.715969565,1.20443877,1,1.63871618,0
59,1,1.304231385,-0.715969565,1.20443877,1,1.63871618,0
60,1,1.304231385,-0.715969565,1.20443877,1,1.63871618,0
63,4,1.304231385,-0.715969565,1.20443877,1,1.63871618,0
65,4,1.304231385,-0.715969565,1.20443877,1,1.63871618,0
66,4,1.304231385,-0.715969565,1.20443877,1,1.63871618,0
0,4,1.304231385,-0.715969565,1.20443877,0,1.63871618,0
2,4,1.304231385,-0.715969565,1.20443877,0,1.63871618,0
9,3,1.304231385,-0.715969565,1.20443877,0,1.63871618,4.454347296
20,3,1.304231385,-0.715969565,1.20443877,0,1.63871618,0
18,1,1.304231385,-0.715969565,1.20443877,0,1.63871618,7.380879036
17,1,1.304231385,-0.715969565,1.20443877,0,1.63871618,5.049856007
26,4,1.304231385,-0.715969565,1.20443877,0,1.63871618,3.526360525
33,4,1.304231385,-0.715969565,1.20443877,0,1.63871618,0
31,0,1.304231385,-0.715969565,1.20443877,0,1.63871618,8.280964401
32,0,1.304231385,-0.715969565,1.20443877,0,1.63871618,0
38,0,1.304231385,-0.715969565,1.20443877,0,1.63871618,0
39,2,1.304231385,-0.715969565,1.20443877,0,1.63871618,1.386294361
40,2,1.304231385,-0.715969565,1.20443877,0,1.63871618,6.284134161
45,0,1.304231385,-0.715969565,1.20443877,0,1.63871618,3.401197382
46,3,1.304231385,-0.715969565,1.20443877,0,1.63871618,0
47,3,1.304231385,-0.715969565,1.20443877,0,1.63871618,0
58,1,1.304231385,-0.715969565,1.20443877,0,1.63871618,6.077642243
59,1,1.304231385,-0.715969565,1.20443877,0,1.63871618,3.583518938
0,4,1.304231385,-0.715969565,1.20443877,1,1.63871618,0
1,4,1.304231385,-0.715969565,1.20443877,1,1.63871618,0
2,4,1.304231385,-0.715969565,1.20443877,1,1.63871618,0
9,3,1.304231385,-0.715969565,1.20443877,1,1.63871618,0
12,4,1.304231385,-0.715969565,1.20443877,1,1.63871618,0
13,4,1.304231385,-0.715969565,1.20443877,1,1.63871618,0
15,4,1.304231385,-0.715969565,1.20443877,1,1.63871618,0
17,1,1.304231385,-0.715969565,1.20443877,1,1.63871618,2.197224577
22,4,1.304231385,-0.715969565,1.20443877,1,1.63871618,0
26,4,1.304231385,-0.715969565,1.20443877,1,1.63871618,1.609437912
28,4,1.304231385,-0.715969565,1.20443877,1,1.63871618,0
33,4,1.304231385,-0.715969565,1.20443877,1,1.63871618,0
31,0,1.304231385,-0.715969565,1.20443877,1,1.63871618,6.88550967
32,0,1.304231385,-0.715969565,1.20443877,1,1.63871618,0
38,0,1.304231385,-0.715969565,1.20443877,1,1.63871618,0
39,2,1.304231385,-0.715969565,1.20443877,1,1.63871618,0
40,2,1.304231385,-0.715969565,1.20443877,1,1.63871618,4.584967479
42,4,1.304231385,-0.715969565,1.20443877,1,1.63871618,0
43,0,1.304231385,-0.715969565,1.20443877,1,1.63871618,0
59,1,1.304231385,-0.715969565,1.20443877,1,1.63871618,0
60,1,1.304231385,-0.715969565,1.20443877,1,1.63871618,0.693147181
2,4,1.304231385,-0.715969565,1.20443877,1,1.63871618,0
9,3,1.304231385,-0.715969565,1.20443877,1,1.63871618,0
13,4,1.304231385,-0.715969565,1.20443877,1,1.63871618,0
26,4,1.304231385,-0.715969565,1.20443877,1,1.63871618,0
33,4,1.304231385,-0.715969565,1.20443877,1,1.63871618,0
31,0,1.304231385,-0.715969565,1.20443877,1,1.63871618,1.386294361
38,0,1.304231385,-0.715969565,1.20443877,1,1.63871618,0
39,2,1.304231385,-0.715969565,1.20443877,1,1.63871618,0
40,2,1.304231385,-0.715969565,1.20443877,1,1.63871618,0.693147181
43,0,1.304231385,-0.715969565,1.20443877,1,1.63871618,0
46,3,1.304231385,-0.715969565,1.20443877,1,1.63871618,0
59,1,1.304231385,-0.715969565,1.20443877,1,1.63871618,0
0,4,1.590828003,-0.009682401,1.394183043,2,1.667009888,0.693147181
1,4,1.590828003,-0.009682401,1.394183043,2,1.667009888,0
2,4,1.590828003,-0.009682401,1.394183043,2,1.667009888,0
5,4,1.590828003,-0.009682401,1.394183043,2,1.667009888,0
6,4,1.590828003,-0.009682401,1.394183043,2,1.667009888,0
9,3,1.590828003,-0.009682401,1.394183043,2,1.667009888,0
12,4,1.590828003,-0.009682401,1.394183043,2,1.667009888,0
13,4,1.590828003,-0.009682401,1.394183043,2,1.667009888,0
15,4,1.590828003,-0.009682401,1.394183043,2,1.667009888,0
18,1,1.590828003,-0.009682401,1.394183043,2,1.667009888,1.098612289
17,1,1.590828003,-0.009682401,1.394183043,2,1.667009888,1.945910149
22,4,1.590828003,-0.009682401,1.394183043,2,1.667009888,0
25,4,1.590828003,-0.009682401,1.394183043,2,1.667009888,0
26,4,1.590828003,-0.009682401,1.394183043,2,1.667009888,0
27,4,1.590828003,-0.009682401,1.394183043,2,1.667009888,0
30,2,1.590828003,-0.009682401,1.394183043,2,1.667009888,0
33,4,1.590828003,-0.009682401,1.394183043,2,1.667009888,0
31,0,1.590828003,-0.009682401,1.394183043,2,1.667009888,7.733683571
32,0,1.590828003,-0.009682401,1.394183043,2,1.667009888,0
38,0,1.590828003,-0.009682401,1.394183043,2,1.667009888,0
39,2,1.590828003,-0.009682401,1.394183043,2,1.667009888,0.693147181
40,2,1.590828003,-0.009682401,1.394183043,2,1.667009888,4.86753445
43,0,1.590828003,-0.009682401,1.394183043,2,1.667009888,0
45,0,1.590828003,-0.009682401,1.394183043,2,1.667009888,4.49980967
46,3,1.590828003,-0.009682401,1.394183043,2,1.667009888,0
47,3,1.590828003,-0.009682401,1.394183043,2,1.667009888,0
55,4,1.590828003,-0.009682401,1.394183043,2,1.667009888,0
58,1,1.590828003,-0.009682401,1.394183043,2,1.667009888,3.218875825
59,1,1.590828003,-0.009682401,1.394183043,2,1.667009888,3.891820298
63,4,1.590828003,-0.009682401,1.394183043,2,1.667009888,0
0,4,1.590828003,-0.009682401,1.394183043,0,1.667009888,0.693147181
1,4,1.590828003,-0.009682401,1.394183043,0,1.667009888,0
2,4,1.590828003,-0.009682401,1.394183043,0,1.667009888,0
3,4,1.590828003,-0.009682401,1.394183043,0,1.667009888,0
5,4,1.590828003,-0.009682401,1.394183043,0,1.667009888,0
9,3,1.590828003,-0.009682401,1.394183043,0,1.667009888,0
10,4,1.590828003,-0.009682401,1.394183043,0,1.667009888,0
11,4,1.590828003,-0.009682401,1.394183043,0,1.667009888,0
12,4,1.590828003,-0.009682401,1.394183043,0,1.667009888,0
13,4,1.590828003,-0.009682401,1.394183043,0,1.667009888,0
15,4,1.590828003,-0.009682401,1.394183043,0,1.667009888,0
16,4,1.590828003,-0.009682401,1.394183043,0,1.667009888,0
19,4,1.590828003,-0.009682401,1.394183043,0,1.667009888,0
20,3,1.590828003,-0.009682401,1.394183043,0,1.667009888,0
18,1,1.590828003,-0.009682401,1.394183043,0,1.667009888,2.564949357
17,1,1.590828003,-0.009682401,1.394183043,0,1.667009888,3.871201011
22,4,1.590828003,-0.009682401,1.394183043,0,1.667009888,0
23,4,1.590828003,-0.009682401,1.394183043,0,1.667009888,0
24,4,1.590828003,-0.009682401,1.394183043,0,1.667009888,0
25,4,1.590828003,-0.009682401,1.394183043,0,1.667009888,0
26,4,1.590828003,-0.009682401,1.394183043,0,1.667009888,2.48490665
27,4,1.590828003,-0.009682401,1.394183043,0,1.667009888,0
28,4,1.590828003,-0.009682401,1.394183043,0,1.667009888,0
33,4,1.590828003,-0.009682401,1.394183043,0,1.667009888,0
31,0,1.590828003,-0.009682401,1.394183043,0,1.667009888,8.24170316
32,0,1.590828003,-0.009682401,1.394183043,0,1.667009888,1.098612289
35,4,1.590828003,-0.009682401,1.394183043,0,1.667009888,0
38,0,1.590828003,-0.009682401,1.394183043,0,1.667009888,5.620400866
39,2,1.590828003,-0.009682401,1.394183043,0,1.667009888,1.386294361
40,2,1.590828003,-0.009682401,1.394183043,0,1.667009888,6.302618976
43,0,1.590828003,-0.009682401,1.394183043,0,1.667009888,0
45,0,1.590828003,-0.009682401,1.394183043,0,1.667009888,2.197224577
47,3,1.590828003,-0.009682401,1.394183043,0,1.667009888,0
51,4,1.590828003,-0.009682401,1.394183043,0,1.667009888,0
58,1,1.590828003,-0.009682401,1.394183043,0,1.667009888,5.293304825
59,1,1.590828003,-0.009682401,1.394183043,0,1.667009888,4.276666119
60,1,1.590828003,-0.009682401,1.394183043,0,1.667009888,0
63,4,1.590828003,-0.009682401,1.394183043,0,1.667009888,0
65,4,1.590828003,-0.009682401,1.394183043,0,1.667009888,0
66,4,1.590828003,-0.009682401,1.394183043,0,1.667009888,0
0,4,1.590828003,-0.009682401,1.394183043,1,1.667009888,0
1,4,1.590828003,-0.009682401,1.394183043,1,1.667009888,0
2,4,1.590828003,-0.009682401,1.394183043,1,1.667009888,0
9,3,1.590828003,-0.009682401,1.394183043,1,1.667009888,0
13,4,1.590828003,-0.009682401,1.394183043,1,1.667009888,0
15,4,1.590828003,-0.009682401,1.394183043,1,1.667009888,0
19,4,1.590828003,-0.009682401,1.394183043,1,1.667009888,0
20,3,1.590828003,-0.009682401,1.394183043,1,1.667009888,0
18,1,1.590828003,-0.009682401,1.394183043,1,1.667009888,1.791759469
22,4,1.590828003,-0.009682401,1.394183043,1,1.667009888,0
23,4,1.590828003,-0.009682401,1.394183043,1,1.667009888,0
25,4,1.590828003,-0.009682401,1.394183043,1,1.667009888,0
26,4,1.590828003,-0.009682401,1.394183043,1,1.667009888,0
33,4,1.590828003,-0.009682401,1.394183043,1,1.667009888,0
31,0,1.590828003,-0.009682401,1.394183043,1,1.667009888,4.59511985
32,0,1.590828003,-0.009682401,1.394183043,1,1.667009888,0
38,0,1.590828003,-0.009682401,1.394183043,1,1.667009888,1.386294361
39,2,1.590828003,-0.009682401,1.394183043,1,1.667009888,0
40,2,1.590828003,-0.009682401,1.394183043,1,1.667009888,2.833213344
43,0,1.590828003,-0.009682401,1.394183043,1,1.667009888,0
45,0,1.590828003,-0.009682401,1.394183043,1,1.667009888,0.693147181
46,3,1.590828003,-0.009682401,1.394183043,1,1.667009888,0
50,4,1.590828003,-0.009682401,1.394183043,1,1.667009888,0
51,4,1.590828003,-0.009682401,1.394183043,1,1.667009888,0
58,1,1.590828003,-0.009682401,1.394183043,1,1.667009888,0
59,1,1.590828003,-0.009682401,1.394183043,1,1.667009888,1.609437912
0,4,1.590828003,-0.009682401,1.394183043,2,1.667009888,0
1,4,1.590828003,-0.009682401,1.394183043,2,1.667009888,0
2,4,1.590828003,-0.009682401,1.394183043,2,1.667009888,0
4,4,1.590828003,-0.009682401,1.394183043,2,1.667009888,0
5,4,1.590828003,-0.009682401,1.394183043,2,1.667009888,0
9,3,1.590828003,-0.009682401,1.394183043,2,1.667009888,0
10,4,1.590828003,-0.009682401,1.394183043,2,1.667009888,0
11,4,1.590828003,-0.009682401,1.394183043,2,1.667009888,0
12,4,1.590828003,-0.009682401,1.394183043,2,1.667009888,0
13,4,1.590828003,-0.009682401,1.394183043,2,1.667009888,0
15,4,1.590828003,-0.009682401,1.394183043,2,1.667009888,0
19,4,1.590828003,-0.009682401,1.394183043,2,1.667009888,0
20,3,1.590828003,-0.009682401,1.394183043,2,1.667009888,0
18,1,1.590828003,-0.009682401,1.394183043,2,1.667009888,7.466799475
17,1,1.590828003,-0.009682401,1.394183043,2,1.667009888,5.081404365
23,4,1.590828003,-0.009682401,1.394183043,2,1.667009888,0
25,4,1.590828003,-0.009682401,1.394183043,2,1.667009888,0
26,4,1.590828003,-0.009682401,1.394183043,2,1.667009888,2.63905733
27,4,1.590828003,-0.009682401,1.394183043,2,1.667009888,0
33,4,1.590828003,-0.009682401,1.394183043,2,1.667009888,0
31,0,1.590828003,-0.009682401,1.394183043,2,1.667009888,6.91274282
32,0,1.590828003,-0.009682401,1.394183043,2,1.667009888,1.945910149
38,0,1.590828003,-0.009682401,1.394183043,2,1.667009888,0
39,2,1.590828003,-0.009682401,1.394183043,2,1.667009888,4.007333185
40,2,1.590828003,-0.009682401,1.394183043,2,1.667009888,5.105945474
43,0,1.590828003,-0.009682401,1.394183043,2,1.667009888,1.791759469
45,0,1.590828003,-0.009682401,1.394183043,2,1.667009888,1.609437912
46,3,1.590828003,-0.009682401,1.394183043,2,1.667009888,0
47,3,1.590828003,-0.009682401,1.394183043,2,1.667009888,0
51,4,1.590828003,-0.009682401,1.394183043,2,1.667009888,0
54,4,1.590828003,-0.009682401,1.394183043,2,1.667009888,0
58,1,1.590828003,-0.009682401,1.394183043,2,1.667009888,3.828641396
59,1,1.590828003,-0.009682401,1.394183043,2,1.667009888,4.369447852
66,4,1.590828003,-0.009682401,1.394183043,2,1.667009888,0
70,4,1.590828003,-0.009682401,1.394183043,2,1.667009888,0
0,4,1.590828003,-0.009682401,1.394183043,1,1.667009888,0
2,4,1.590828003,-0.009682401,1.394183043,1,1.667009888,0
5,4,1.590828003,-0.009682401,1.394183043,1,1.667009888,0
9,3,1.590828003,-0.009682401,1.394183043,1,1.667009888,1.098612289
10,4,1.590828003,-0.009682401,1.394183043,1,1.667009888,0
13,4,1.590828003,-0.009682401,1.394183043,1,1.667009888,0
14,4,1.590828003,-0.009682401,1.394183043,1,1.667009888,0
15,4,1.590828003,-0.009682401,1.394183043,1,1.667009888,0
19,4,1.590828003,-0.009682401,1.394183043,1,1.667009888,0
18,1,1.590828003,-0.009682401,1.394183043,1,1.667009888,7.142827401
17,1,1.590828003,-0.009682401,1.394183043,1,1.667009888,2.995732274
21,4,1.590828003,-0.009682401,1.394183043,1,1.667009888,0
26,4,1.590828003,-0.009682401,1.394183043,1,1.667009888,0.693147181
33,4,1.590828003,-0.009682401,1.394183043,1,1.667009888,0
31,0,1.590828003,-0.009682401,1.394183043,1,1.667009888,6.445719819
32,0,1.590828003,-0.009682401,1.394183043,1,1.667009888,0
38,0,1.590828003,-0.009682401,1.394183043,1,1.667009888,0
39,2,1.590828003,-0.009682401,1.394183043,1,1.667009888,1.945910149
40,2,1.590828003,-0.009682401,1.394183043,1,1.667009888,3.091042453
45,0,1.590828003,-0.009682401,1.394183043,1,1.667009888,1.386294361
46,3,1.590828003,-0.009682401,1.394183043,1,1.667009888,0
47,3,1.590828003,-0.009682401,1.394183043,1,1.667009888,0
57,4,1.590828003,-0.009682401,1.394183043,1,1.667009888,0
58,1,1.590828003,-0.009682401,1.394183043,1,1.667009888,3.218875825
59,1,1.590828003,-0.009682401,1.394183043,1,1.667009888,5.093750201
63,4,1.590828003,-0.009682401,1.394183043,1,1.667009888,0
64,4,1.590828003,-0.009682401,1.394183043,1,1.667009888,0
71,4,1.590828003,-0.009682401,1.394183043,1,1.667009888,0
0,4,1.590828003,-0.009682401,1.394183043,1,1.667009888,0
1,4,1.590828003,-0.009682401,1.394183043,1,1.667009888,0
2,4,1.590828003,-0.009682401,1.394183043,1,1.667009888,0
9,3,1.590828003,-0.009682401,1.394183043,1,1.667009888,1.945910149
12,4,1.590828003,-0.009682401,1.394183043,1,1.667009888,0
13,4,1.590828003,-0.009682401,1.394183043,1,1.667009888,0
15,4,1.590828003,-0.009682401,1.394183043,1,1.667009888,0
16,4,1.590828003,-0.009682401,1.394183043,1,1.667009888,0
20,3,1.590828003,-0.009682401,1.394183043,1,1.667009888,0
18,1,1.590828003,-0.009682401,1.394183043,1,1.667009888,6.08221891
17,1,1.590828003,-0.009682401,1.394183043,1,1.667009888,1.791759469
25,4,1.590828003,-0.009682401,1.394183043,1,1.667009888,0
26,4,1.590828003,-0.009682401,1.394183043,1,1.667009888,0
33,4,1.590828003,-0.009682401,1.394183043,1,1.667009888,0
31,0,1.590828003,-0.009682401,1.394183043,1,1.667009888,3.091042453
38,0,1.590828003,-0.009682401,1.394183043,1,1.667009888,4.33073334
39,2,1.590828003,-0.009682401,1.394183043,1,1.667009888,0
40,2,1.590828003,-0.009682401,1.394183043,1,1.667009888,2.772588722
46,3,1.590828003,-0.009682401,1.394183043,1,1.667009888,0
58,1,1.590828003,-0.009682401,1.394183043,1,1.667009888,1.386294361
59,1,1.590828003,-0.009682401,1.394183043,1,1.667009888,6.035481433
63,4,1.590828003,-0.009682401,1.394183043,1,1.667009888,0
0,4,1.590828003,-0.009682401,1.394183043,0,1.667009888,0
1,4,1.590828003,-0.009682401,1.394183043,0,1.667009888,0
2,4,1.590828003,-0.009682401,1.394183043,0,1.667009888,0
5,4,1.590828003,-0.009682401,1.394183043,0,1.667009888,0
9,3,1.590828003,-0.009682401,1.394183043,0,1.667009888,4.025351691
11,4,1.590828003,-0.009682401,1.394183043,0,1.667009888,0
12,4,1.590828003,-0.009682401,1.394183043,0,1.667009888,0
13,4,1.590828003,-0.009682401,1.394183043,0,1.667009888,0
14,4,1.590828003,-0.009682401,1.394183043,0,1.667009888,0
15,4,1.590828003,-0.009682401,1.394183043,0,1.667009888,0
19,4,1.590828003,-0.009682401,1.394183043,0,1.667009888,0
20,3,1.590828003,-0.009682401,1.394183043,0,1.667009888,0
18,1,1.590828003,-0.009682401,1.394183043,0,1.667009888,0.693147181
17,1,1.590828003,-0.009682401,1.394183043,0,1.667009888,2.772588722
24,4,1.590828003,-0.009682401,1.394183043,0,1.667009888,0
25,4,1.590828003,-0.009682401,1.394183043,0,1.667009888,0
26,4,1.590828003,-0.009682401,1.394183043,0,1.667009888,2.944438979
27,4,1.590828003,-0.009682401,1.394183043,0,1.667009888,0
33,4,1.590828003,-0.009682401,1.394183043,0,1.667009888,0
31,0,1.590828003,-0.009682401,1.394183043,0,1.667009888,9.159047078
32,0,1.590828003,-0.009682401,1.394183043,0,1.667009888,1.609437912
36,4,1.590828003,-0.009682401,1.394183043,0,1.667009888,0
38,0,1.590828003,-0.009682401,1.394183043,0,1.667009888,5.82008293
39,2,1.590828003,-0.009682401,1.394183043,0,1.667009888,4.919980926
40,2,1.590828003,-0.009682401,1.394183043,0,1.667009888,6.927557906
43,0,1.590828003,-0.009682401,1.394183043,0,1.667009888,5.062595033
45,0,1.590828003,-0.009682401,1.394183043,0,1.667009888,5.488937726
46,3,1.590828003,-0.009682401,1.394183043,0,1.667009888,0
47,3,1.590828003,-0.009682401,1.394183043,0,1.667009888,0
50,4,1.590828003,-0.009682401,1.394183043,0,1.667009888,0
51,4,1.590828003,-0.009682401,1.394183043,0,1.667009888,0
52,4,1.590828003,-0.009682401,1.394183043,0,1.667009888,0
58,1,1.590828003,-0.009682401,1.394183043,0,1.667009888,5.429345629
59,1,1.590828003,-0.009682401,1.394183043,0,1.667009888,5.272999559
60,1,1.590828003,-0.009682401,1.394183043,0,1.667009888,1.098612289
63,4,1.590828003,-0.009682401,1.394183043,0,1.667009888,0
65,4,1.590828003,-0.009682401,1.394183043,0,1.667009888,0
66,4,1.590828003,-0.009682401,1.394183043,0,1.667009888,0
69,4,1.590828003,-0.009682401,1.394183043,0,1.667009888,0
70,4,1.590828003,-0.009682401,1.394183043,0,1.667009888,0
71,4,1.590828003,-0.009682401,1.394183043,0,1.667009888,0
0,4,1.590828003,-0.009682401,1.394183043,2,1.667009888,0
1,4,1.590828003,-0.009682401,1.394183043,2,1.667009888,0
2,4,1.590828003,-0.009682401,1.394183043,2,1.667009888,0
4,4,1.590828003,-0.009682401,1.394183043,2,1.667009888,0
5,4,1.590828003,-0.009682401,1.394183043,2,1.667009888,0
9,3,1.590828003,-0.009682401,1.394183043,2,1.667009888,0
12,4,1.590828003,-0.009682401,1.394183043,2,1.667009888,0
13,4,1.590828003,-0.009682401,1.394183043,2,1.667009888,0
15,4,1.590828003,-0.009682401,1.394183043,2,1.667009888,0
19,4,1.590828003,-0.009682401,1.394183043,2,1.667009888,0
20,3,1.590828003,-0.009682401,1.394183043,2,1.667009888,0
25,4,1.590828003,-0.009682401,1.394183043,2,1.667009888,0
26,4,1.590828003,-0.009682401,1.394183043,2,1.667009888,2.079441542
28,4,1.590828003,-0.009682401,1.394183043,2,1.667009888,0
33,4,1.590828003,-0.009682401,1.394183043,2,1.667009888,0
31,0,1.590828003,-0.009682401,1.394183043,2,1.667009888,8.49023301
32,0,1.590828003,-0.009682401,1.394183043,2,1.667009888,0
34,4,1.590828003,-0.009682401,1.394183043,2,1.667009888,0
38,0,1.590828003,-0.009682401,1.394183043,2,1.667009888,0
39,2,1.590828003,-0.009682401,1.394183043,2,1.667009888,1.098612289
40,2,1.590828003,-0.009682401,1.394183043,2,1.667009888,6.599870499
43,0,1.590828003,-0.009682401,1.394183043,2,1.667009888,0
47,3,1.590828003,-0.009682401,1.394183043,2,1.667009888,0
50,4,1.590828003,-0.009682401,1.394183043,2,1.667009888,0
51,4,1.590828003,-0.009682401,1.394183043,2,1.667009888,0
52,4,1.590828003,-0.009682401,1.394183043,2,1.667009888,0
53,4,1.590828003,-0.009682401,1.394183043,2,1.667009888,0
54,4,1.590828003,-0.009682401,1.394183043,2,1.667009888,0
55,4,1.590828003,-0.009682401,1.394183043,2,1.667009888,0
58,1,1.590828003,-0.009682401,1.394183043,2,1.667009888,3.970291914
59,1,1.590828003,-0.009682401,1.394183043,2,1.667009888,6.126869184
60,1,1.590828003,-0.009682401,1.394183043,2,1.667009888,0
1,4,1.590828003,-0.009682401,1.394183043,1,1.667009888,0
9,3,1.590828003,-0.009682401,1.394183043,1,1.667009888,0
11,4,1.590828003,-0.009682401,1.394183043,1,1.667009888,0
14,4,1.590828003,-0.009682401,1.394183043,1,1.667009888,0
20,3,1.590828003,-0.009682401,1.394183043,1,1.667009888,0
26,4,1.590828003,-0.009682401,1.394183043,1,1.667009888,0
33,4,1.590828003,-0.009682401,1.394183043,1,1.667009888,0
31,0,1.590828003,-0.009682401,1.394183043,1,1.667009888,0
38,0,1.590828003,-0.009682401,1.394183043,1,1.667009888,0
39,2,1.590828003,-0.009682401,1.394183043,1,1.667009888,0
40,2,1.590828003,-0.009682401,1.394183043,1,1.667009888,0
43,0,1.590828003,-0.009682401,1.394183043,1,1.667009888,0
46,3,1.590828003,-0.009682401,1.394183043,1,1.667009888,0
0,4,1.590828003,-0.009682401,1.394183043,0,1.667009888,0.693147181
1,4,1.590828003,-0.009682401,1.394183043,0,1.667009888,0
2,4,1.590828003,-0.009682401,1.394183043,0,1.667009888,0
4,4,1.590828003,-0.009682401,1.394183043,0,1.667009888,0
5,4,1.590828003,-0.009682401,1.394183043,0,1.667009888,0
9,3,1.590828003,-0.009682401,1.394183043,0,1.667009888,3.663561646
11,4,1.590828003,-0.009682401,1.394183043,0,1.667009888,0
12,4,1.590828003,-0.009682401,1.394183043,0,1.667009888,0
13,4,1.590828003,-0.009682401,1.394183043,0,1.667009888,0
15,4,1.590828003,-0.009682401,1.394183043,0,1.667009888,0
16,4,1.590828003,-0.009682401,1.394183043,0,1.667009888,0
19,4,1.590828003,-0.009682401,1.394183043,0,1.667009888,0
18,1,1.590828003,-0.009682401,1.394183043,0,1.667009888,6.021023349
17,1,1.590828003,-0.009682401,1.394183043,0,1.667009888,4.912654886
22,4,1.590828003,-0.009682401,1.394183043,0,1.667009888,0
23,4,1.590828003,-0.009682401,1.394183043,0,1.667009888,0
24,4,1.590828003,-0.009682401,1.394183043,0,1.667009888,0
25,4,1.590828003,-0.009682401,1.394183043,0,1.667009888,0
26,4,1.590828003,-0.009682401,1.394183043,0,1.667009888,3.988984047
27,4,1.590828003,-0.009682401,1.394183043,0,1.667009888,0
31,0,1.590828003,-0.009682401,1.394183043,0,1.667009888,9.552936675
32,0,1.590828003,-0.009682401,1.394183043,0,1.667009888,0
35,4,1.590828003,-0.009682401,1.394183043,0,1.667009888,0
38,0,1.590828003,-0.009682401,1.394183043,0,1.667009888,6.018593214
39,2,1.590828003,-0.009682401,1.394183043,0,1.667009888,4.890349128
40,2,1.590828003,-0.009682401,1.394183043,0,1.667009888,6.901737207
45,0,1.590828003,-0.009682401,1.394183043,0,1.667009888,0
46,3,1.590828003,-0.009682401,1.394183043,0,1.667009888,0
47,3,1.590828003,-0.009682401,1.394183043,0,1.667009888,0
51,4,1.590828003,-0.009682401,1.394183043,0,1.667009888,0
55,4,1.590828003,-0.009682401,1.394183043,0,1.667009888,0
58,1,1.590828003,-0.009682401,1.394183043,0,1.667009888,5.370638028
59,1,1.590828003,-0.009682401,1.394183043,0,1.667009888,5.429345629
60,1,1.590828003,-0.009682401,1.394183043,0,1.667009888,0.693147181
61,4,1.590828003,-0.009682401,1.394183043,0,1.667009888,0
63,4,1.590828003,-0.009682401,1.394183043,0,1.667009888,0
65,4,1.590828003,-0.009682401,1.394183043,0,1.667009888,0
66,4,1.590828003,-0.009682401,1.394183043,0,1.667009888,0
67,4,1.590828003,-0.009682401,1.394183043,0,1.667009888,0
2,4,1.590828003,-0.009682401,1.394183043,1,1.667009888,0
9,3,1.590828003,-0.009682401,1.394183043,1,1.667009888,0
13,4,1.590828003,-0.009682401,1.394183043,1,1.667009888,0
19,4,1.590828003,-0.009682401,1.394183043,1,1.667009888,0
22,4,1.590828003,-0.009682401,1.394183043,1,1.667009888,0
26,4,1.590828003,-0.009682401,1.394183043,1,1.667009888,0
33,4,1.590828003,-0.009682401,1.394183043,1,1.667009888,0
31,0,1.590828003,-0.009682401,1.394183043,1,1.667009888,0.693147181
32,0,1.590828003,-0.009682401,1.394183043,1,1.667009888,0
39,2,1.590828003,-0.009682401,1.394183043,1,1.667009888,0
40,2,1.590828003,-0.009682401,1.394183043,1,1.667009888,0.693147181
58,1,1.590828003,-0.009682401,1.394183043,1,1.667009888,0
59,1,1.590828003,-0.009682401,1.394183043,1,1.667009888,1.098612289
60,1,1.590828003,-0.009682401,1.394183043,1,1.667009888,0
63,4,1.590828003,-0.009682401,1.394183043,1,1.667009888,0
1,4,1.590828003,-0.009682401,1.394183043,1,1.667009888,0
3,4,1.590828003,-0.009682401,1.394183043,1,1.667009888,0
9,3,1.590828003,-0.009682401,1.394183043,1,1.667009888,0
13,4,1.590828003,-0.009682401,1.394183043,1,1.667009888,0
14,4,1.590828003,-0.009682401,1.394183043,1,1.667009888,0
16,4,1.590828003,-0.009682401,1.394183043,1,1.667009888,0
23,4,1.590828003,-0.009682401,1.394183043,1,1.667009888,0
26,4,1.590828003,-0.009682401,1.394183043,1,1.667009888,0
33,4,1.590828003,-0.009682401,1.394183043,1,1.667009888,0
31,0,1.590828003,-0.009682401,1.394183043,1,1.667009888,1.098612289
32,0,1.590828003,-0.009682401,1.394183043,1,1.667009888,0
38,0,1.590828003,-0.009682401,1.394183043,1,1.667009888,0
39,2,1.590828003,-0.009682401,1.394183043,1,1.667009888,0
40,2,1.590828003,-0.009682401,1.394183043,1,1.667009888,1.098612289
46,3,1.590828003,-0.009682401,1.394183043,1,1.667009888,0
51,4,1.590828003,-0.009682401,1.394183043,1,1.667009888,0
59,1,1.590828003,-0.009682401,1.394183043,1,1.667009888,0
63,4,1.590828003,-0.009682401,1.394183043,1,1.667009888,0
64,4,1.590828003,-0.009682401,1.394183043,1,1.667009888,0
66,4,1.590828003,-0.009682401,1.394183043,1,1.667009888,0
1,4,1.590828003,-0.009682401,1.394183043,1,1.667009888,0
9,3,1.590828003,-0.009682401,1.394183043,1,1.667009888,0
13,4,1.590828003,-0.009682401,1.394183043,1,1.667009888,0
15,4,1.590828003,-0.009682401,1.394183043,1,1.667009888,0
16,4,1.590828003,-0.009682401,1.394183043,1,1.667009888,0
18,1,1.590828003,-0.009682401,1.394183043,1,1.667009888,0.693147181
26,4,1.590828003,-0.009682401,1.394183043,1,1.667009888,0
31,0,1.590828003,-0.009682401,1.394183043,1,1.667009888,1.945910149
38,0,1.590828003,-0.009682401,1.394183043,1,1.667009888,0
40,2,1.590828003,-0.009682401,1.394183043,1,1.667009888,1.098612289
47,3,1.590828003,-0.009682401,1.394183043,1,1.667009888,0
59,1,1.590828003,-0.009682401,1.394183043,1,1.667009888,1.791759469
0,4,1.590828003,-0.009682401,1.394183043,1,1.667009888,0
1,4,1.590828003,-0.009682401,1.394183043,1,1.667009888,0
2,4,1.590828003,-0.009682401,1.394183043,1,1.667009888,0
5,4,1.590828003,-0.009682401,1.394183043,1,1.667009888,0
9,3,1.590828003,-0.009682401,1.394183043,1,1.667009888,0
10,4,1.590828003,-0.009682401,1.394183043,1,1.667009888,0
11,4,1.590828003,-0.009682401,1.394183043,1,1.667009888,0
13,4,1.590828003,-0.009682401,1.394183043,1,1.667009888,0
15,4,1.590828003,-0.009682401,1.394183043,1,1.667009888,0
16,4,1.590828003,-0.009682401,1.394183043,1,1.667009888,0
19,4,1.590828003,-0.009682401,1.394183043,1,1.667009888,0
20,3,1.590828003,-0.009682401,1.394183043,1,1.667009888,0
18,1,1.590828003,-0.009682401,1.394183043,1,1.667009888,7.70391021
17,1,1.590828003,-0.009682401,1.394183043,1,1.667009888,5.159055299
22,4,1.590828003,-0.009682401,1.394183043,1,1.667009888,0
23,4,1.590828003,-0.009682401,1.394183043,1,1.667009888,0
25,4,1.590828003,-0.009682401,1.394183043,1,1.667009888,0
26,4,1.590828003,-0.009682401,1.394183043,1,1.667009888,2.833213344
27,4,1.590828003,-0.009682401,1.394183043,1,1.667009888,0
33,4,1.590828003,-0.009682401,1.394183043,1,1.667009888,0
31,0,1.590828003,-0.009682401,1.394183043,1,1.667009888,8.115819701
36,4,1.590828003,-0.009682401,1.394183043,1,1.667009888,0
38,0,1.590828003,-0.009682401,1.394183043,1,1.667009888,2.63905733
39,2,1.590828003,-0.009682401,1.394183043,1,1.667009888,1.098612289
40,2,1.590828003,-0.009682401,1.394183043,1,1.667009888,4.890349128
47,3,1.590828003,-0.009682401,1.394183043,1,1.667009888,0
50,4,1.590828003,-0.009682401,1.394183043,1,1.667009888,0
54,4,1.590828003,-0.009682401,1.394183043,1,1.667009888,0
55,4,1.590828003,-0.009682401,1.394183043,1,1.667009888,0
58,1,1.590828003,-0.009682401,1.394183043,1,1.667009888,3.737669618
59,1,1.590828003,-0.009682401,1.394183043,1,1.667009888,5.572154032
60,1,1.590828003,-0.009682401,1.394183043,1,1.667009888,0
63,4,1.590828003,-0.009682401,1.394183043,1,1.667009888,0
65,4,1.590828003,-0.009682401,1.394183043,1,1.667009888,0
66,4,1.590828003,-0.009682401,1.394183043,1,1.667009888,0
2,4,1.590828003,-0.009682401,1.394183043,1,1.667009888,0
9,3,1.590828003,-0.009682401,1.394183043,1,1.667009888,0
13,4,1.590828003,-0.009682401,1.394183043,1,1.667009888,0
16,4,1.590828003,-0.009682401,1.394183043,1,1.667009888,0
19,4,1.590828003,-0.009682401,1.394183043,1,1.667009888,0
26,4,1.590828003,-0.009682401,1.394183043,1,1.667009888,0
30,2,1.590828003,-0.009682401,1.394183043,1,1.667009888,0
31,0,1.590828003,-0.009682401,1.394183043,1,1.667009888,3.218875825
39,2,1.590828003,-0.009682401,1.394183043,1,1.667009888,0
40,2,1.590828003,-0.009682401,1.394183043,1,1.667009888,0
43,0,1.590828003,-0.009682401,1.394183043,1,1.667009888,0
45,0,1.590828003,-0.009682401,1.394183043,1,1.667009888,0
59,1,1.590828003,-0.009682401,1.394183043,1,1.667009888,0
9,3,1.590828003,-0.009682401,1.394183043,1,1.667009888,0
13,4,1.590828003,-0.009682401,1.394183043,1,1.667009888,0
16,4,1.590828003,-0.009682401,1.394183043,1,1.667009888,0
26,4,1.590828003,-0.009682401,1.394183043,1,1.667009888,0
31,0,1.590828003,-0.009682401,1.394183043,1,1.667009888,0
39,2,1.590828003,-0.009682401,1.394183043,1,1.667009888,0
40,2,1.590828003,-0.009682401,1.394183043,1,1.667009888,0
43,0,1.590828003,-0.009682401,1.394183043,1,1.667009888,0
58,1,1.590828003,-0.009682401,1.394183043,1,1.667009888,0
59,1,1.590828003,-0.009682401,1.394183043,1,1.667009888,0
0,4,1.590828003,-0.009682401,1.394183043,1,1.667009888,0
1,4,1.590828003,-0.009682401,1.394183043,1,1.667009888,0
2,4,1.590828003,-0.009682401,1.394183043,1,1.667009888,0
5,4,1.590828003,-0.009682401,1.394183043,1,1.667009888,0
9,3,1.590828003,-0.009682401,1.394183043,1,1.667009888,0
12,4,1.590828003,-0.009682401,1.394183043,1,1.667009888,0
13,4,1.590828003,-0.009682401,1.394183043,1,1.667009888,0
15,4,1.590828003,-0.009682401,1.394183043,1,1.667009888,0
19,4,1.590828003,-0.009682401,1.394183043,1,1.667009888,0
20,3,1.590828003,-0.009682401,1.394183043,1,1.667009888,0
18,1,1.590828003,-0.009682401,1.394183043,1,1.667009888,5.379897354
17,1,1.590828003,-0.009682401,1.394183043,1,1.667009888,4.043051268
22,4,1.590828003,-0.009682401,1.394183043,1,1.667009888,0
25,4,1.590828003,-0.009682401,1.394183043,1,1.667009888,0
26,4,1.590828003,-0.009682401,1.394183043,1,1.667009888,2.833213344
27,4,1.590828003,-0.009682401,1.394183043,1,1.667009888,0
33,4,1.590828003,-0.009682401,1.394183043,1,1.667009888,0
31,0,1.590828003,-0.009682401,1.394183043,1,1.667009888,8.340933226
32,0,1.590828003,-0.009682401,1.394183043,1,1.667009888,0
34,4,1.590828003,-0.009682401,1.394183043,1,1.667009888,0
38,0,1.590828003,-0.009682401,1.394183043,1,1.667009888,4.276666119
39,2,1.590828003,-0.009682401,1.394183043,1,1.667009888,3.044522438
40,2,1.590828003,-0.009682401,1.394183043,1,1.667009888,5.117993812
43,0,1.590828003,-0.009682401,1.394183043,1,1.667009888,0.693147181
45,0,1.590828003,-0.009682401,1.394183043,1,1.667009888,4.795790546
46,3,1.590828003,-0.009682401,1.394183043,1,1.667009888,0
47,3,1.590828003,-0.009682401,1.394183043,1,1.667009888,0
50,4,1.590828003,-0.009682401,1.394183043,1,1.667009888,0
55,4,1.590828003,-0.009682401,1.394183043,1,1.667009888,0
58,1,1.590828003,-0.009682401,1.394183043,1,1.667009888,4.65396035
59,1,1.590828003,-0.009682401,1.394183043,1,1.667009888,4.158883083
63,4,1.590828003,-0.009682401,1.394183043,1,1.667009888,0
64,4,1.590828003,-0.009682401,1.394183043,1,1.667009888,0
66,4,1.590828003,-0.009682401,1.394183043,1,1.667009888,0
0,4,1.590828003,-0.009682401,1.394183043,2,1.667009888,0
1,4,1.590828003,-0.009682401,1.394183043,2,1.667009888,0
2,4,1.590828003,-0.009682401,1.394183043,2,1.667009888,0
5,4,1.590828003,-0.009682401,1.394183043,2,1.667009888,0
9,3,1.590828003,-0.009682401,1.394183043,2,1.667009888,0
13,4,1.590828003,-0.009682401,1.394183043,2,1.667009888,0
15,4,1.590828003,-0.009682401,1.394183043,2,1.667009888,0
16,4,1.590828003,-0.009682401,1.394183043,2,1.667009888,0
19,4,1.590828003,-0.009682401,1.394183043,2,1.667009888,0
18,1,1.590828003,-0.009682401,1.394183043,2,1.667009888,7.007600614
17,1,1.590828003,-0.009682401,1.394183043,2,1.667009888,4.905274778
25,4,1.590828003,-0.009682401,1.394183043,2,1.667009888,0
26,4,1.590828003,-0.009682401,1.394183043,2,1.667009888,1.791759469
27,4,1.590828003,-0.009682401,1.394183043,2,1.667009888,0
33,4,1.590828003,-0.009682401,1.394183043,2,1.667009888,0
31,0,1.590828003,-0.009682401,1.394183043,2,1.667009888,6.826545224
32,0,1.590828003,-0.009682401,1.394183043,2,1.667009888,0
34,4,1.590828003,-0.009682401,1.394183043,2,1.667009888,0
38,0,1.590828003,-0.009682401,1.394183043,2,1.667009888,0
39,2,1.590828003,-0.009682401,1.394183043,2,1.667009888,0.693147181
40,2,1.590828003,-0.009682401,1.394183043,2,1.667009888,4.753590191
43,0,1.590828003,-0.009682401,1.394183043,2,1.667009888,0
45,0,1.590828003,-0.009682401,1.394183043,2,1.667009888,3.433987204
47,3,1.590828003,-0.009682401,1.394183043,2,1.667009888,0
58,1,1.590828003,-0.009682401,1.394183043,2,1.667009888,3.610917913
59,1,1.590828003,-0.009682401,1.394183043,2,1.667009888,4.844187086
0,4,1.590828003,-0.009682401,1.394183043,1,1.667009888,0
1,4,1.590828003,-0.009682401,1.394183043,1,1.667009888,0
2,4,1.590828003,-0.009682401,1.394183043,1,1.667009888,0
13,4,1.590828003,-0.009682401,1.394183043,1,1.667009888,0
20,3,1.590828003,-0.009682401,1.394183043,1,1.667009888,0
17,1,1.590828003,-0.009682401,1.394183043,1,1.667009888,1.098612289
26,4,1.590828003,-0.009682401,1.394183043,1,1.667009888,0.693147181
33,4,1.590828003,-0.009682401,1.394183043,1,1.667009888,0
31,0,1.590828003,-0.009682401,1.394183043,1,1.667009888,5.411646052
38,0,1.590828003,-0.009682401,1.394183043,1,1.667009888,0.693147181
39,2,1.590828003,-0.009682401,1.394183043,1,1.667009888,0
40,2,1.590828003,-0.009682401,1.394183043,1,1.667009888,2.564949357
45,0,1.590828003,-0.009682401,1.394183043,1,1.667009888,0
46,3,1.590828003,-0.009682401,1.394183043,1,1.667009888,0
50,4,1.590828003,-0.009682401,1.394183043,1,1.667009888,0
58,1,1.590828003,-0.009682401,1.394183043,1,1.667009888,0.693147181
59,1,1.590828003,-0.009682401,1.394183043,1,1.667009888,2.079441542
0,4,1.590828003,-0.009682401,1.394183043,2,1.667009888,0
1,4,1.590828003,-0.009682401,1.394183043,2,1.667009888,0
2,4,1.590828003,-0.009682401,1.394183043,2,1.667009888,0
3,4,1.590828003,-0.009682401,1.394183043,2,1.667009888,0
5,4,1.590828003,-0.009682401,1.394183043,2,1.667009888,0
9,3,1.590828003,-0.009682401,1.394183043,2,1.667009888,0
10,4,1.590828003,-0.009682401,1.394183043,2,1.667009888,0
11,4,1.590828003,-0.009682401,1.394183043,2,1.667009888,0
12,4,1.590828003,-0.009682401,1.394183043,2,1.667009888,0
13,4,1.590828003,-0.009682401,1.394183043,2,1.667009888,0
15,4,1.590828003,-0.009682401,1.394183043,2,1.667009888,0
16,4,1.590828003,-0.009682401,1.394183043,2,1.667009888,0
19,4,1.590828003,-0.009682401,1.394183043,2,1.667009888,0
20,3,1.590828003,-0.009682401,1.394183043,2,1.667009888,0
18,1,1.590828003,-0.009682401,1.394183043,2,1.667009888,7.650644551
17,1,1.590828003,-0.009682401,1.394183043,2,1.667009888,6.206575927
22,4,1.590828003,-0.009682401,1.394183043,2,1.667009888,0
23,4,1.590828003,-0.009682401,1.394183043,2,1.667009888,0
24,4,1.590828003,-0.009682401,1.394183043,2,1.667009888,0
25,4,1.590828003,-0.009682401,1.394183043,2,1.667009888,0
26,4,1.590828003,-0.009682401,1.394183043,2,1.667009888,2.63905733
27,4,1.590828003,-0.009682401,1.394183043,2,1.667009888,0
33,4,1.590828003,-0.009682401,1.394183043,2,1.667009888,0
31,0,1.590828003,-0.009682401,1.394183043,2,1.667009888,8.430981495
32,0,1.590828003,-0.009682401,1.394183043,2,1.667009888,0
34,4,1.590828003,-0.009682401,1.394183043,2,1.667009888,0
35,4,1.590828003,-0.009682401,1.394183043,2,1.667009888,0
38,0,1.590828003,-0.009682401,1.394183043,2,1.667009888,3.912023005
39,2,1.590828003,-0.009682401,1.394183043,2,1.667009888,1.609437912
40,2,1.590828003,-0.009682401,1.394183043,2,1.667009888,5.843544417
43,0,1.590828003,-0.009682401,1.394183043,2,1.667009888,0
45,0,1.590828003,-0.009682401,1.394183043,2,1.667009888,3.737669618
46,3,1.590828003,-0.009682401,1.394183043,2,1.667009888,0
47,3,1.590828003,-0.009682401,1.394183043,2,1.667009888,0
50,4,1.590828003,-0.009682401,1.394183043,2,1.667009888,0
54,4,1.590828003,-0.009682401,1.394183043,2,1.667009888,0
58,1,1.590828003,-0.009682401,1.394183043,2,1.667009888,4.753590191
59,1,1.590828003,-0.009682401,1.394183043,2,1.667009888,4.955827058
62,4,1.590828003,-0.009682401,1.394183043,2,1.667009888,0
64,4,1.590828003,-0.009682401,1.394183043,2,1.667009888,0
69,4,1.590828003,-0.009682401,1.394183043,2,1.667009888,0
70,4,1.590828003,-0.009682401,1.394183043,2,1.667009888,0
71,4,1.590828003,-0.009682401,1.394183043,2,1.667009888,0
19,4,1.590828003,-0.009682401,1.394183043,1,1.667009888,0
26,4,1.590828003,-0.009682401,1.394183043,1,1.667009888,0
30,2,1.590828003,-0.009682401,1.394183043,1,1.667009888,0
31,0,1.590828003,-0.009682401,1.394183043,1,1.667009888,0
39,2,1.590828003,-0.009682401,1.394183043,1,1.667009888,0
40,2,1.590828003,-0.009682401,1.394183043,1,1.667009888,0
43,0,1.590828003,-0.009682401,1.394183043,1,1.667009888,0
45,0,1.590828003,-0.009682401,1.394183043,1,1.667009888,0
47,3,1.590828003,-0.009682401,1.394183043,1,1.667009888,0
0,4,1.590828003,-0.009682401,1.394183043,0,1.667009888,0
1,4,1.590828003,-0.009682401,1.394183043,0,1.667009888,0
2,4,1.590828003,-0.009682401,1.394183043,0,1.667009888,0
5,4,1.590828003,-0.009682401,1.394183043,0,1.667009888,0
9,3,1.590828003,-0.009682401,1.394183043,0,1.667009888,0
11,4,1.590828003,-0.009682401,1.394183043,0,1.667009888,0
13,4,1.590828003,-0.009682401,1.394183043,0,1.667009888,0
15,4,1.590828003,-0.009682401,1.394183043,0,1.667009888,0
19,4,1.590828003,-0.009682401,1.394183043,0,1.667009888,0
20,3,1.590828003,-0.009682401,1.394183043,0,1.667009888,0
17,1,1.590828003,-0.009682401,1.394183043,0,1.667009888,5.093750201
26,4,1.590828003,-0.009682401,1.394183043,0,1.667009888,3.401197382
27,4,1.590828003,-0.009682401,1.394183043,0,1.667009888,0
33,4,1.590828003,-0.009682401,1.394183043,0,1.667009888,0
31,0,1.590828003,-0.009682401,1.394183043,0,1.667009888,8.555836815
32,0,1.590828003,-0.009682401,1.394183043,0,1.667009888,0
38,0,1.590828003,-0.009682401,1.394183043,0,1.667009888,4.127134385
39,2,1.590828003,-0.009682401,1.394183043,0,1.667009888,2.48490665
40,2,1.590828003,-0.009682401,1.394183043,0,1.667009888,6.234410726
45,0,1.590828003,-0.009682401,1.394183043,0,1.667009888,4.990432587
46,3,1.590828003,-0.009682401,1.394183043,0,1.667009888,1.609437912
47,3,1.590828003,-0.009682401,1.394183043,0,1.667009888,0
50,4,1.590828003,-0.009682401,1.394183043,0,1.667009888,0
54,4,1.590828003,-0.009682401,1.394183043,0,1.667009888,0
55,4,1.590828003,-0.009682401,1.394183043,0,1.667009888,0
58,1,1.590828003,-0.009682401,1.394183043,0,1.667009888,5.247024072
59,1,1.590828003,-0.009682401,1.394183043,0,1.667009888,3.931825633
60,1,1.590828003,-0.009682401,1.394183043,0,1.667009888,1.386294361
63,4,1.590828003,-0.009682401,1.394183043,0,1.667009888,0
69,4,1.590828003,-0.009682401,1.394183043,0,1.667009888,0
70,4,1.590828003,-0.009682401,1.394183043,0,1.667009888,0
71,4,1.590828003,-0.009682401,1.394183043,0,1.667009888,0
1,4,1.590828003,-0.009682401,1.394183043,1,1.667009888,0
2,4,1.590828003,-0.009682401,1.394183043,1,1.667009888,0
5,4,1.590828003,-0.009682401,1.394183043,1,1.667009888,0
9,3,1.590828003,-0.009682401,1.394183043,1,1.667009888,4.779123493
10,4,1.590828003,-0.009682401,1.394183043,1,1.667009888,0
11,4,1.590828003,-0.009682401,1.394183043,1,1.667009888,0
13,4,1.590828003,-0.009682401,1.394183043,1,1.667009888,0
15,4,1.590828003,-0.009682401,1.394183043,1,1.667009888,0
16,4,1.590828003,-0.009682401,1.394183043,1,1.667009888,0
18,1,1.590828003,-0.009682401,1.394183043,1,1.667009888,8.153637486
17,1,1.590828003,-0.009682401,1.394183043,1,1.667009888,5.030437921
22,4,1.590828003,-0.009682401,1.394183043,1,1.667009888,0
23,4,1.590828003,-0.009682401,1.394183043,1,1.667009888,0
26,4,1.590828003,-0.009682401,1.394183043,1,1.667009888,0
33,4,1.590828003,-0.009682401,1.394183043,1,1.667009888,0
31,0,1.590828003,-0.009682401,1.394183043,1,1.667009888,5.323009979
32,0,1.590828003,-0.009682401,1.394183043,1,1.667009888,0
38,0,1.590828003,-0.009682401,1.394183043,1,1.667009888,0
39,2,1.590828003,-0.009682401,1.394183043,1,1.667009888,2.197224577
40,2,1.590828003,-0.009682401,1.394183043,1,1.667009888,3.135494216
46,3,1.590828003,-0.009682401,1.394183043,1,1.667009888,0
51,4,1.590828003,-0.009682401,1.394183043,1,1.667009888,0
55,4,1.590828003,-0.009682401,1.394183043,1,1.667009888,0
58,1,1.590828003,-0.009682401,1.394183043,1,1.667009888,3.33220451
59,1,1.590828003,-0.009682401,1.394183043,1,1.667009888,6.357842267
63,4,1.590828003,-0.009682401,1.394183043,1,1.667009888,0
65,4,1.590828003,-0.009682401,1.394183043,1,1.667009888,0
66,4,1.590828003,-0.009682401,1.394183043,1,1.667009888,0
70,4,1.590828003,-0.009682401,1.394183043,1,1.667009888,0
2,4,1.590828003,-0.009682401,1.394183043,1,1.667009888,0
9,3,1.590828003,-0.009682401,1.394183043,1,1.667009888,0
13,4,1.590828003,-0.009682401,1.394183043,1,1.667009888,0
15,4,1.590828003,-0.009682401,1.394183043,1,1.667009888,0
19,4,1.590828003,-0.009682401,1.394183043,1,1.667009888,0
18,1,1.590828003,-0.009682401,1.394183043,1,1.667009888,5.068904202
21,4,1.590828003,-0.009682401,1.394183043,1,1.667009888,0
23,4,1.590828003,-0.009682401,1.394183043,1,1.667009888,0
26,4,1.590828003,-0.009682401,1.394183043,1,1.667009888,0
31,0,1.590828003,-0.009682401,1.394183043,1,1.667009888,3.713572067
32,0,1.590828003,-0.009682401,1.394183043,1,1.667009888,0
39,2,1.590828003,-0.009682401,1.394183043,1,1.667009888,0
40,2,1.590828003,-0.009682401,1.394183043,1,1.667009888,1.609437912
45,0,1.590828003,-0.009682401,1.394183043,1,1.667009888,0
58,1,1.590828003,-0.009682401,1.394183043,1,1.667009888,1.791759469
59,1,1.590828003,-0.009682401,1.394183043,1,1.667009888,5.877735782
63,4,1.590828003,-0.009682401,1.394183043,1,1.667009888,0
0,4,1.590828003,-0.009682401,1.394183043,1,1.667009888,0
1,4,1.590828003,-0.009682401,1.394183043,1,1.667009888,0
2,4,1.590828003,-0.009682401,1.394183043,1,1.667009888,0
5,4,1.590828003,-0.009682401,1.394183043,1,1.667009888,0
9,3,1.590828003,-0.009682401,1.394183043,1,1.667009888,0
12,4,1.590828003,-0.009682401,1.394183043,1,1.667009888,0
13,4,1.590828003,-0.009682401,1.394183043,1,1.667009888,0
20,3,1.590828003,-0.009682401,1.394183043,1,1.667009888,0
18,1,1.590828003,-0.009682401,1.394183043,1,1.667009888,6.598509029
17,1,1.590828003,-0.009682401,1.394183043,1,1.667009888,3.988984047
21,4,1.590828003,-0.009682401,1.394183043,1,1.667009888,0
25,4,1.590828003,-0.009682401,1.394183043,1,1.667009888,0
26,4,1.590828003,-0.009682401,1.394183043,1,1.667009888,0
33,4,1.590828003,-0.009682401,1.394183043,1,1.667009888,0
31,0,1.590828003,-0.009682401,1.394183043,1,1.667009888,6.484635236
32,0,1.590828003,-0.009682401,1.394183043,1,1.667009888,0.693147181
38,0,1.590828003,-0.009682401,1.394183043,1,1.667009888,0
39,2,1.590828003,-0.009682401,1.394183043,1,1.667009888,0.693147181
40,2,1.590828003,-0.009682401,1.394183043,1,1.667009888,3.610917913
43,0,1.590828003,-0.009682401,1.394183043,1,1.667009888,0
47,3,1.590828003,-0.009682401,1.394183043,1,1.667009888,0
58,1,1.590828003,-0.009682401,1.394183043,1,1.667009888,1.609437912
59,1,1.590828003,-0.009682401,1.394183043,1,1.667009888,4.672828834
63,4,1.590828003,-0.009682401,1.394183043,1,1.667009888,0
66,4,1.590828003,-0.009682401,1.394183043,1,1.667009888,0
0,4,1.590828003,-0.009682401,1.394183043,1,1.667009888,0
1,4,1.590828003,-0.009682401,1.394183043,1,1.667009888,0
2,4,1.590828003,-0.009682401,1.394183043,1,1.667009888,0
3,4,1.590828003,-0.009682401,1.394183043,1,1.667009888,0
5,4,1.590828003,-0.009682401,1.394183043,1,1.667009888,0
9,3,1.590828003,-0.009682401,1.394183043,1,1.667009888,0
10,4,1.590828003,-0.009682401,1.394183043,1,1.667009888,0
12,4,1.590828003,-0.009682401,1.394183043,1,1.667009888,0
13,4,1.590828003,-0.009682401,1.394183043,1,1.667009888,0
14,4,1.590828003,-0.009682401,1.394183043,1,1.667009888,0
15,4,1.590828003,-0.009682401,1.394183043,1,1.667009888,0
16,4,1.590828003,-0.009682401,1.394183043,1,1.667009888,0
19,4,1.590828003,-0.009682401,1.394183043,1,1.667009888,0
20,3,1.590828003,-0.009682401,1.394183043,1,1.667009888,0
18,1,1.590828003,-0.009682401,1.394183043,1,1.667009888,9.9209836
17,1,1.590828003,-0.009682401,1.394183043,1,1.667009888,7.33171497
22,4,1.590828003,-0.009682401,1.394183043,1,1.667009888,0
23,4,1.590828003,-0.009682401,1.394183043,1,1.667009888,0
25,4,1.590828003,-0.009682401,1.394183043,1,1.667009888,0
26,4,1.590828003,-0.009682401,1.394183043,1,1.667009888,2.708050201
27,4,1.590828003,-0.009682401,1.394183043,1,1.667009888,0
28,4,1.590828003,-0.009682401,1.394183043,1,1.667009888,0
33,4,1.590828003,-0.009682401,1.394183043,1,1.667009888,0
31,0,1.590828003,-0.009682401,1.394183043,1,1.667009888,8.590443653
32,0,1.590828003,-0.009682401,1.394183043,1,1.667009888,0.693147181
36,4,1.590828003,-0.009682401,1.394183043,1,1.667009888,0
38,0,1.590828003,-0.009682401,1.394183043,1,1.667009888,1.791759469
39,2,1.590828003,-0.009682401,1.394183043,1,1.667009888,2.197224577
40,2,1.590828003,-0.009682401,1.394183043,1,1.667009888,6.196444128
43,0,1.590828003,-0.009682401,1.394183043,1,1.667009888,2.772588722
45,0,1.590828003,-0.009682401,1.394183043,1,1.667009888,4.477336814
46,3,1.590828003,-0.009682401,1.394183043,1,1.667009888,0
47,3,1.590828003,-0.009682401,1.394183043,1,1.667009888,0
58,1,1.590828003,-0.009682401,1.394183043,1,1.667009888,4.59511985
59,1,1.590828003,-0.009682401,1.394183043,1,1.667009888,7.671360923
60,1,1.590828003,-0.009682401,1.394183043,1,1.667009888,0
62,4,1.590828003,-0.009682401,1.394183043,1,1.667009888,0
63,4,1.590828003,-0.009682401,1.394183043,1,1.667009888,0
65,4,1.590828003,-0.009682401,1.394183043,1,1.667009888,0
66,4,1.590828003,-0.009682401,1.394183043,1,1.667009888,0
71,4,1.590828003,-0.009682401,1.394183043,1,1.667009888,0
0,4,1.590828003,-0.009682401,1.394183043,2,1.667009888,0
1,4,1.590828003,-0.009682401,1.394183043,2,1.667009888,0
2,4,1.590828003,-0.009682401,1.394183043,2,1.667009888,0
5,4,1.590828003,-0.009682401,1.394183043,2,1.667009888,0
7,4,1.590828003,-0.009682401,1.394183043,2,1.667009888,0
9,3,1.590828003,-0.009682401,1.394183043,2,1.667009888,0
10,4,1.590828003,-0.009682401,1.394183043,2,1.667009888,0
11,4,1.590828003,-0.009682401,1.394183043,2,1.667009888,0
12,4,1.590828003,-0.009682401,1.394183043,2,1.667009888,0
13,4,1.590828003,-0.009682401,1.394183043,2,1.667009888,0
15,4,1.590828003,-0.009682401,1.394183043,2,1.667009888,0
16,4,1.590828003,-0.009682401,1.394183043,2,1.667009888,0
19,4,1.590828003,-0.009682401,1.394183043,2,1.667009888,0
20,3,1.590828003,-0.009682401,1.394183043,2,1.667009888,0
18,1,1.590828003,-0.009682401,1.394183043,2,1.667009888,6.637258031
17,1,1.590828003,-0.009682401,1.394183043,2,1.667009888,3.33220451
22,4,1.590828003,-0.009682401,1.394183043,2,1.667009888,0
26,4,1.590828003,-0.009682401,1.394183043,2,1.667009888,2.564949357
28,4,1.590828003,-0.009682401,1.394183043,2,1.667009888,0
30,2,1.590828003,-0.009682401,1.394183043,2,1.667009888,2.708050201
33,4,1.590828003,-0.009682401,1.394183043,2,1.667009888,0
31,0,1.590828003,-0.009682401,1.394183043,2,1.667009888,7.87207398
32,0,1.590828003,-0.009682401,1.394183043,2,1.667009888,0
38,0,1.590828003,-0.009682401,1.394183043,2,1.667009888,0
39,2,1.590828003,-0.009682401,1.394183043,2,1.667009888,2.197224577
40,2,1.590828003,-0.009682401,1.394183043,2,1.667009888,4.934473933
45,0,1.590828003,-0.009682401,1.394183043,2,1.667009888,1.386294361
46,3,1.590828003,-0.009682401,1.394183043,2,1.667009888,0
47,3,1.590828003,-0.009682401,1.394183043,2,1.667009888,0
50,4,1.590828003,-0.009682401,1.394183043,2,1.667009888,0
58,1,1.590828003,-0.009682401,1.394183043,2,1.667009888,4.060443011
59,1,1.590828003,-0.009682401,1.394183043,2,1.667009888,5.272999559
62,4,1.590828003,-0.009682401,1.394183043,2,1.667009888,0
63,4,1.590828003,-0.009682401,1.394183043,2,1.667009888,0
66,4,1.590828003,-0.009682401,1.394183043,2,1.667009888,0
0,4,1.590828003,-0.009682401,1.394183043,1,1.667009888,0
1,4,1.590828003,-0.009682401,1.394183043,1,1.667009888,0
2,4,1.590828003,-0.009682401,1.394183043,1,1.667009888,0
5,4,1.590828003,-0.009682401,1.394183043,1,1.667009888,0
9,3,1.590828003,-0.009682401,1.394183043,1,1.667009888,0
13,4,1.590828003,-0.009682401,1.394183043,1,1.667009888,0
16,4,1.590828003,-0.009682401,1.394183043,1,1.667009888,0
18,1,1.590828003,-0.009682401,1.394183043,1,1.667009888,8.884333185
17,1,1.590828003,-0.009682401,1.394183043,1,1.667009888,4.532599493
26,4,1.590828003,-0.009682401,1.394183043,1,1.667009888,0.693147181
27,4,1.590828003,-0.009682401,1.394183043,1,1.667009888,0
33,4,1.590828003,-0.009682401,1.394183043,1,1.667009888,0
31,0,1.590828003,-0.009682401,1.394183043,1,1.667009888,7.207118856
32,0,1.590828003,-0.009682401,1.394183043,1,1.667009888,1.386294361
38,0,1.590828003,-0.009682401,1.394183043,1,1.667009888,0
39,2,1.590828003,-0.009682401,1.394183043,1,1.667009888,0
40,2,1.590828003,-0.009682401,1.394183043,1,1.667009888,4.094344562
43,0,1.590828003,-0.009682401,1.394183043,1,1.667009888,0
45,0,1.590828003,-0.009682401,1.394183043,1,1.667009888,1.386294361
46,3,1.590828003,-0.009682401,1.394183043,1,1.667009888,0
47,3,1.590828003,-0.009682401,1.394183043,1,1.667009888,0
58,1,1.590828003,-0.009682401,1.394183043,1,1.667009888,4.418840608
59,1,1.590828003,-0.009682401,1.394183043,1,1.667009888,6.200509174
63,4,1.590828003,-0.009682401,1.394183043,1,1.667009888,0
65,4,1.590828003,-0.009682401,1.394183043,1,1.667009888,0
66,4,1.590828003,-0.009682401,1.394183043,1,1.667009888,0
0,4,1.590828003,-0.009682401,1.394183043,1,1.667009888,0
1,4,1.590828003,-0.009682401,1.394183043,1,1.667009888,0
2,4,1.590828003,-0.009682401,1.394183043,1,1.667009888,0
3,4,1.590828003,-0.009682401,1.394183043,1,1.667009888,0
5,4,1.590828003,-0.009682401,1.394183043,1,1.667009888,0
9,3,1.590828003,-0.009682401,1.394183043,1,1.667009888,0
13,4,1.590828003,-0.009682401,1.394183043,1,1.667009888,0
15,4,1.590828003,-0.009682401,1.394183043,1,1.667009888,0
19,4,1.590828003,-0.009682401,1.394183043,1,1.667009888,0
20,3,1.590828003,-0.009682401,1.394183043,1,1.667009888,0
18,1,1.590828003,-0.009682401,1.394183043,1,1.667009888,6.364750757
17,1,1.590828003,-0.009682401,1.394183043,1,1.667009888,4.990432587
22,4,1.590828003,-0.009682401,1.394183043,1,1.667009888,0
24,4,1.590828003,-0.009682401,1.394183043,1,1.667009888,0
26,4,1.590828003,-0.009682401,1.394183043,1,1.667009888,1.945910149
27,4,1.590828003,-0.009682401,1.394183043,1,1.667009888,0
33,4,1.590828003,-0.009682401,1.394183043,1,1.667009888,0
31,0,1.590828003,-0.009682401,1.394183043,1,1.667009888,7.518064181
32,0,1.590828003,-0.009682401,1.394183043,1,1.667009888,0
38,0,1.590828003,-0.009682401,1.394183043,1,1.667009888,3.258096538
39,2,1.590828003,-0.009682401,1.394183043,1,1.667009888,0.693147181
40,2,1.590828003,-0.009682401,1.394183043,1,1.667009888,4.532599493
47,3,1.590828003,-0.009682401,1.394183043,1,1.667009888,0
50,4,1.590828003,-0.009682401,1.394183043,1,1.667009888,0
58,1,1.590828003,-0.009682401,1.394183043,1,1.667009888,4.158883083
59,1,1.590828003,-0.009682401,1.394183043,1,1.667009888,5.463831805
63,4,1.590828003,-0.009682401,1.394183043,1,1.667009888,0
65,4,1.590828003,-0.009682401,1.394183043,1,1.667009888,0
66,4,1.590828003,-0.009682401,1.394183043,1,1.667009888,0
0,4,1.590828003,-0.009682401,1.394183043,1,1.667009888,0
1,4,1.590828003,-0.009682401,1.394183043,1,1.667009888,0
2,4,1.590828003,-0.009682401,1.394183043,1,1.667009888,0
4,4,1.590828003,-0.009682401,1.394183043,1,1.667009888,0
9,3,1.590828003,-0.009682401,1.394183043,1,1.667009888,0
20,3,1.590828003,-0.009682401,1.394183043,1,1.667009888,0
18,1,1.590828003,-0.009682401,1.394183043,1,1.667009888,5.616771098
17,1,1.590828003,-0.009682401,1.394183043,1,1.667009888,4.369447852
26,4,1.590828003,-0.009682401,1.394183043,1,1.667009888,2.890371758
31,0,1.590828003,-0.009682401,1.394183043,1,1.667009888,4.927253685
39,2,1.590828003,-0.009682401,1.394183043,1,1.667009888,0
40,2,1.590828003,-0.009682401,1.394183043,1,1.667009888,4.875197323
47,3,1.590828003,-0.009682401,1.394183043,1,1.667009888,0
51,4,1.590828003,-0.009682401,1.394183043,1,1.667009888,0
58,1,1.590828003,-0.009682401,1.394183043,1,1.667009888,1.791759469
59,1,1.590828003,-0.009682401,1.394183043,1,1.667009888,2.833213344
1,4,1.590828003,-0.009682401,1.394183043,1,1.667009888,0
5,4,1.590828003,-0.009682401,1.394183043,1,1.667009888,0
9,3,1.590828003,-0.009682401,1.394183043,1,1.667009888,0
11,4,1.590828003,-0.009682401,1.394183043,1,1.667009888,0
13,4,1.590828003,-0.009682401,1.394183043,1,1.667009888,0
15,4,1.590828003,-0.009682401,1.394183043,1,1.667009888,0
16,4,1.590828003,-0.009682401,1.394183043,1,1.667009888,0
25,4,1.590828003,-0.009682401,1.394183043,1,1.667009888,0
26,4,1.590828003,-0.009682401,1.394183043,1,1.667009888,0
33,4,1.590828003,-0.009682401,1.394183043,1,1.667009888,0
31,0,1.590828003,-0.009682401,1.394183043,1,1.667009888,1.386294361
38,0,1.590828003,-0.009682401,1.394183043,1,1.667009888,2.397895273
39,2,1.590828003,-0.009682401,1.394183043,1,1.667009888,0.693147181
40,2,1.590828003,-0.009682401,1.394183043,1,1.667009888,1.609437912
45,0,1.590828003,-0.009682401,1.394183043,1,1.667009888,0
46,3,1.590828003,-0.009682401,1.394183043,1,1.667009888,0
58,1,1.590828003,-0.009682401,1.394183043,1,1.667009888,0.693147181
59,1,1.590828003,-0.009682401,1.394183043,1,1.667009888,0.693147181
60,1,1.590828003,-0.009682401,1.394183043,1,1.667009888,0
63,4,1.590828003,-0.009682401,1.394183043,1,1.667009888,0
66,4,1.590828003,-0.009682401,1.394183043,1,1.667009888,0
0,4,1.590828003,-0.009682401,1.394183043,0,1.667009888,0
2,4,1.590828003,-0.009682401,1.394183043,0,1.667009888,0
9,3,1.590828003,-0.009682401,1.394183043,0,1.667009888,5.855071922
18,1,1.590828003,-0.009682401,1.394183043,0,1.667009888,7.603897969
17,1,1.590828003,-0.009682401,1.394183043,0,1.667009888,5.318119994
23,4,1.590828003,-0.009682401,1.394183043,0,1.667009888,0
26,4,1.590828003,-0.009682401,1.394183043,0,1.667009888,3.135494216
33,4,1.590828003,-0.009682401,1.394183043,0,1.667009888,0
31,0,1.590828003,-0.009682401,1.394183043,0,1.667009888,8.590629509
32,0,1.590828003,-0.009682401,1.394183043,0,1.667009888,0
38,0,1.590828003,-0.009682401,1.394183043,0,1.667009888,0
39,2,1.590828003,-0.009682401,1.394183043,0,1.667009888,4.442651256
40,2,1.590828003,-0.009682401,1.394183043,0,1.667009888,6.590301048
58,1,1.590828003,-0.009682401,1.394183043,0,1.667009888,6.525029658
59,1,1.590828003,-0.009682401,1.394183043,0,1.667009888,2.197224577
0,4,1.590828003,-0.009682401,1.394183043,1,1.667009888,0
1,4,1.590828003,-0.009682401,1.394183043,1,1.667009888,0
9,3,1.590828003,-0.009682401,1.394183043,1,1.667009888,1.945910149
13,4,1.590828003,-0.009682401,1.394183043,1,1.667009888,0
26,4,1.590828003,-0.009682401,1.394183043,1,1.667009888,1.609437912
28,4,1.590828003,-0.009682401,1.394183043,1,1.667009888,0
33,4,1.590828003,-0.009682401,1.394183043,1,1.667009888,0
31,0,1.590828003,-0.009682401,1.394183043,1,1.667009888,6.684611728
39,2,1.590828003,-0.009682401,1.394183043,1,1.667009888,0
40,2,1.590828003,-0.009682401,1.394183043,1,1.667009888,4.276666119
42,4,1.590828003,-0.009682401,1.394183043,1,1.667009888,0
43,0,1.590828003,-0.009682401,1.394183043,1,1.667009888,0
58,1,1.590828003,-0.009682401,1.394183043,1,1.667009888,0
59,1,1.590828003,-0.009682401,1.394183043,1,1.667009888,1.098612289
60,1,1.590828003,-0.009682401,1.394183043,1,1.667009888,0.693147181
13,4,1.590828003,-0.009682401,1.394183043,1,1.667009888,0
26,4,1.590828003,-0.009682401,1.394183043,1,1.667009888,0
33,4,1.590828003,-0.009682401,1.394183043,1,1.667009888,0
31,0,1.590828003,-0.009682401,1.394183043,1,1.667009888,1.098612289
38,0,1.590828003,-0.009682401,1.394183043,1,1.667009888,0
39,2,1.590828003,-0.009682401,1.394183043,1,1.667009888,0.693147181
40,2,1.590828003,-0.009682401,1.394183043,1,1.667009888,0.693147181
43,0,1.590828003,-0.009682401,1.394183043,1,1.667009888,1.791759469
46,3,1.590828003,-0.009682401,1.394183043,1,1.667009888,0
58,1,1.590828003,-0.009682401,1.394183043,1,1.667009888,0
59,1,1.590828003,-0.009682401,1.394183043,1,1.667009888,0
